[{"model": "admin.logentry", "pk": 1, "fields": {"action_time": "2023-12-03T00:52:19.749Z", "user": 1, "content_type": 6, "object_id": "1", "object_repr": "Jackets", "action_flag": 1, "change_message": "[{\"added\": {}}]"}}, {"model": "admin.logentry", "pk": 2, "fields": {"action_time": "2023-12-03T00:52:30.943Z", "user": 1, "content_type": 6, "object_id": "2", "object_repr": "Jeans", "action_flag": 1, "change_message": "[{\"added\": {}}]"}}, {"model": "admin.logentry", "pk": 3, "fields": {"action_time": "2023-12-03T00:52:42.583Z", "user": 1, "content_type": 6, "object_id": "3", "object_repr": "shirts", "action_flag": 1, "change_message": "[{\"added\": {}}]"}}, {"model": "admin.logentry", "pk": 4, "fields": {"action_time": "2023-12-03T00:52:54.256Z", "user": 1, "content_type": 6, "object_id": "4", "object_repr": "Shoes", "action_flag": 1, "change_message": "[{\"added\": {}}]"}}, {"model": "admin.logentry", "pk": 5, "fields": {"action_time": "2023-12-03T00:53:11.261Z", "user": 1, "content_type": 6, "object_id": "5", "object_repr": "T-shirts", "action_flag": 1, "change_message": "[{\"added\": {}}]"}}, {"model": "admin.logentry", "pk": 6, "fields": {"action_time": "2023-12-03T00:54:09.721Z", "user": 1, "content_type": 8, "object_id": "1", "object_repr": "ATX jeans", "action_flag": 1, "change_message": "[{\"added\": {}}]"}}, {"model": "admin.logentry", "pk": 7, "fields": {"action_time": "2023-12-03T00:54:33.426Z", "user": 1, "content_type": 8, "object_id": "2", "object_repr": "Wragler shirt", "action_flag": 1, "change_message": "[{\"added\": {}}]"}}, {"model": "admin.logentry", "pk": 8, "fields": {"action_time": "2023-12-03T00:54:49.555Z", "user": 1, "content_type": 8, "object_id": "3", "object_repr": "US-Polo-Assn_Jacket", "action_flag": 1, "change_message": "[{\"added\": {}}]"}}, {"model": "admin.logentry", "pk": 9, "fields": {"action_time": "2023-12-03T00:55:26.653Z", "user": 1, "content_type": 8, "object_id": "4", "object_repr": "Puma-Ferrari-Shoes", "action_flag": 1, "change_message": "[{\"added\": {}}]"}}, {"model": "admin.logentry", "pk": 10, "fields": {"action_time": "2023-12-03T00:55:53.869Z", "user": 1, "content_type": 8, "object_id": "5", "object_repr": "Great-Tshirt", "action_flag": 1, "change_message": "[{\"added\": {}}]"}}, {"model": "admin.logentry", "pk": 11, "fields": {"action_time": "2023-12-03T00:56:24.855Z", "user": 1, "content_type": 8, "object_id": "6", "object_repr": "Blue-Shirt", "action_flag": 1, "change_message": "[{\"added\": {}}]"}}, {"model": "admin.logentry", "pk": 12, "fields": {"action_time": "2023-12-03T00:57:00.999Z", "user": 1, "content_type": 8, "object_id": "7", "object_repr": "Mavi_jeans", "action_flag": 1, "change_message": "[{\"added\": {}}]"}}, {"model": "admin.logentry", "pk": 13, "fields": {"action_time": "2023-12-03T00:57:26.590Z", "user": 1, "content_type": 8, "object_id": "8", "object_repr": "jean1", "action_flag": 1, "change_message": "[{\"added\": {}}]"}}, {"model": "admin.logentry", "pk": 14, "fields": {"action_time": "2023-12-03T00:57:49.069Z", "user": 1, "content_type": 8, "object_id": "9", "object_repr": "jordan-true-flight-basketball-shoes", "action_flag": 1, "change_message": "[{\"added\": {}}]"}}, {"model": "admin.logentry", "pk": 15, "fields": {"action_time": "2023-12-03T00:58:03.621Z", "user": 1, "content_type": 8, "object_id": "10", "object_repr": "jean3", "action_flag": 1, "change_message": "[{\"added\": {}}]"}}, {"model": "admin.logentry", "pk": 16, "fields": {"action_time": "2023-12-03T01:06:45.754Z", "user": 1, "content_type": 8, "object_id": "5", "object_repr": "Great-Tshirt", "action_flag": 2, "change_message": "[{\"changed\": {\"fields\": [\"Images\"]}}]"}}, {"model": "admin.logentry", "pk": 17, "fields": {"action_time": "2023-12-03T01:06:54.791Z", "user": 1, "content_type": 8, "object_id": "7", "object_repr": "Mavi_jeans", "action_flag": 2, "change_message": "[{\"changed\": {\"fields\": [\"Images\"]}}]"}}, {"model": "admin.logentry", "pk": 18, "fields": {"action_time": "2023-12-03T01:07:02.693Z", "user": 1, "content_type": 8, "object_id": "9", "object_repr": "jordan-true-flight-basketball-shoes", "action_flag": 2, "change_message": "[{\"changed\": {\"fields\": [\"Images\"]}}]"}}, {"model": "admin.logentry", "pk": 19, "fields": {"action_time": "2023-12-03T01:07:10.521Z", "user": 1, "content_type": 8, "object_id": "10", "object_repr": "jean3", "action_flag": 2, "change_message": "[{\"changed\": {\"fields\": [\"Images\"]}}]"}}, {"model": "admin.logentry", "pk": 20, "fields": {"action_time": "2023-12-03T01:09:56.959Z", "user": 1, "content_type": 9, "object_id": "1", "object_repr": "Puma-Ferrari-Shoes", "action_flag": 3, "change_message": ""}}, {"model": "admin.logentry", "pk": 21, "fields": {"action_time": "2023-12-03T01:10:01.370Z", "user": 1, "content_type": 10, "object_id": "1", "object_repr": "lelwnqsjp6c1vmxza9hkb7bnip8upevw", "action_flag": 3, "change_message": ""}}, {"model": "admin.logentry", "pk": 22, "fields": {"action_time": "2023-12-03T02:31:37.063Z", "user": 1, "content_type": 8, "object_id": "10", "object_repr": "jean3", "action_flag": 2, "change_message": "[{\"changed\": {\"fields\": [\"Stock\"]}}]"}}, {"model": "admin.logentry", "pk": 23, "fields": {"action_time": "2023-12-03T03:22:08.036Z", "user": 1, "content_type": 8, "object_id": "5", "object_repr": "Great-Tshirt", "action_flag": 2, "change_message": "[{\"changed\": {\"fields\": [\"Category\"]}}]"}}, {"model": "admin.logentry", "pk": 24, "fields": {"action_time": "2023-12-03T04:11:30.913Z", "user": 1, "content_type": 8, "object_id": "3", "object_repr": "US-Polo-Assn_Jacket", "action_flag": 2, "change_message": "[{\"changed\": {\"fields\": [\"Category\"]}}]"}}, {"model": "admin.logentry", "pk": 25, "fields": {"action_time": "2023-12-03T04:58:15.712Z", "user": 1, "content_type": 11, "object_id": "1", "object_repr": "ATX jeans", "action_flag": 1, "change_message": "[{\"added\": {}}]"}}, {"model": "admin.logentry", "pk": 26, "fields": {"action_time": "2023-12-03T04:58:29.632Z", "user": 1, "content_type": 11, "object_id": "2", "object_repr": "ATX jeans", "action_flag": 1, "change_message": "[{\"added\": {}}]"}}, {"model": "admin.logentry", "pk": 27, "fields": {"action_time": "2023-12-03T04:58:40.845Z", "user": 1, "content_type": 11, "object_id": "3", "object_repr": "ATX jeans", "action_flag": 1, "change_message": "[{\"added\": {}}]"}}, {"model": "admin.logentry", "pk": 28, "fields": {"action_time": "2023-12-03T05:02:57.642Z", "user": 1, "content_type": 11, "object_id": "3", "object_repr": "ATX jeans", "action_flag": 2, "change_message": "[{\"changed\": {\"fields\": [\"Is active\"]}}]"}}, {"model": "admin.logentry", "pk": 29, "fields": {"action_time": "2023-12-03T05:03:00.444Z", "user": 1, "content_type": 11, "object_id": "3", "object_repr": "ATX jeans", "action_flag": 2, "change_message": "[{\"changed\": {\"fields\": [\"Is active\"]}}]"}}, {"model": "admin.logentry", "pk": 30, "fields": {"action_time": "2023-12-03T05:23:07.984Z", "user": 1, "content_type": 11, "object_id": "4", "object_repr": "ATX jeans", "action_flag": 1, "change_message": "[{\"added\": {}}]"}}, {"model": "admin.logentry", "pk": 31, "fields": {"action_time": "2023-12-03T05:23:33.459Z", "user": 1, "content_type": 11, "object_id": "5", "object_repr": "ATX jeans", "action_flag": 1, "change_message": "[{\"added\": {}}]"}}, {"model": "admin.logentry", "pk": 32, "fields": {"action_time": "2023-12-03T05:46:22.809Z", "user": 1, "content_type": 11, "object_id": "6", "object_repr": "ATX jeans", "action_flag": 1, "change_message": "[{\"added\": {}}]"}}, {"model": "admin.logentry", "pk": 33, "fields": {"action_time": "2023-12-03T06:08:01.552Z", "user": 1, "content_type": 11, "object_id": "7", "object_repr": "ATX jeans", "action_flag": 1, "change_message": "[{\"added\": {}}]"}}, {"model": "admin.logentry", "pk": 34, "fields": {"action_time": "2023-12-03T06:08:08.461Z", "user": 1, "content_type": 11, "object_id": "8", "object_repr": "ATX jeans", "action_flag": 1, "change_message": "[{\"added\": {}}]"}}, {"model": "admin.logentry", "pk": 35, "fields": {"action_time": "2023-12-03T06:09:18.955Z", "user": 1, "content_type": 11, "object_id": "9", "object_repr": "Wragler shirt", "action_flag": 1, "change_message": "[{\"added\": {}}]"}}, {"model": "admin.logentry", "pk": 36, "fields": {"action_time": "2023-12-03T06:09:28.076Z", "user": 1, "content_type": 11, "object_id": "10", "object_repr": "Wragler shirt", "action_flag": 1, "change_message": "[{\"added\": {}}]"}}, {"model": "admin.logentry", "pk": 37, "fields": {"action_time": "2023-12-04T00:27:07.377Z", "user": 1, "content_type": 9, "object_id": "28", "object_repr": "ATX jeans", "action_flag": 3, "change_message": ""}}, {"model": "admin.logentry", "pk": 38, "fields": {"action_time": "2023-12-04T00:27:07.394Z", "user": 1, "content_type": 9, "object_id": "27", "object_repr": "ATX jeans", "action_flag": 3, "change_message": ""}}, {"model": "admin.logentry", "pk": 39, "fields": {"action_time": "2023-12-04T00:27:07.401Z", "user": 1, "content_type": 9, "object_id": "26", "object_repr": "ATX jeans", "action_flag": 3, "change_message": ""}}, {"model": "admin.logentry", "pk": 40, "fields": {"action_time": "2023-12-04T00:27:45.292Z", "user": 1, "content_type": 9, "object_id": "30", "object_repr": "ATX jeans", "action_flag": 3, "change_message": ""}}, {"model": "admin.logentry", "pk": 41, "fields": {"action_time": "2023-12-04T00:27:45.307Z", "user": 1, "content_type": 9, "object_id": "29", "object_repr": "ATX jeans", "action_flag": 3, "change_message": ""}}, {"model": "admin.logentry", "pk": 42, "fields": {"action_time": "2023-12-04T04:42:01.492Z", "user": 1, "content_type": 7, "object_id": "3", "object_repr": "mark", "action_flag": 3, "change_message": ""}}, {"model": "admin.logentry", "pk": 43, "fields": {"action_time": "2023-12-04T04:42:01.507Z", "user": 1, "content_type": 7, "object_id": "2", "object_repr": "propro", "action_flag": 3, "change_message": ""}}, {"model": "admin.logentry", "pk": 44, "fields": {"action_time": "2023-12-04T05:15:43.088Z", "user": 1, "content_type": 7, "object_id": "6", "object_repr": "aada", "action_flag": 3, "change_message": ""}}, {"model": "admin.logentry", "pk": 45, "fields": {"action_time": "2023-12-04T05:15:43.104Z", "user": 1, "content_type": 7, "object_id": "5", "object_repr": "danh12", "action_flag": 3, "change_message": ""}}, {"model": "admin.logentry", "pk": 46, "fields": {"action_time": "2023-12-04T05:15:43.112Z", "user": 1, "content_type": 7, "object_id": "4", "object_repr": "mark", "action_flag": 3, "change_message": ""}}, {"model": "admin.logentry", "pk": 47, "fields": {"action_time": "2023-12-04T05:22:23.330Z", "user": 1, "content_type": 7, "object_id": "7", "object_repr": "propro", "action_flag": 3, "change_message": ""}}, {"model": "admin.logentry", "pk": 48, "fields": {"action_time": "2023-12-04T05:42:18.326Z", "user": 1, "content_type": 7, "object_id": "9", "object_repr": "danh12", "action_flag": 2, "change_message": "[{\"changed\": {\"fields\": [\"Is admin\", \"Is staff\", \"Is active\", \"Is superadmin\"]}}]"}}, {"model": "admin.logentry", "pk": 49, "fields": {"action_time": "2023-12-04T05:48:12.724Z", "user": 1, "content_type": 10, "object_id": "2", "object_repr": "lelwnqsjp6c1vmxza9hkb7bnip8upevw", "action_flag": 3, "change_message": ""}}, {"model": "admin.logentry", "pk": 50, "fields": {"action_time": "2023-12-04T06:03:09.328Z", "user": 1, "content_type": 7, "object_id": "8", "object_repr": "propro", "action_flag": 2, "change_message": "[{\"changed\": {\"fields\": [\"Is active\"]}}]"}}, {"model": "admin.logentry", "pk": 51, "fields": {"action_time": "2023-12-05T05:26:19.714Z", "user": 1, "content_type": 7, "object_id": "11", "object_repr": "prolataolalatao", "action_flag": 3, "change_message": ""}}, {"model": "admin.logentry", "pk": 52, "fields": {"action_time": "2023-12-05T05:31:48.610Z", "user": 1, "content_type": 7, "object_id": "12", "object_repr": "prolataolalatao", "action_flag": 3, "change_message": ""}}, {"model": "admin.logentry", "pk": 53, "fields": {"action_time": "2023-12-05T05:44:22.947Z", "user": 1, "content_type": 7, "object_id": "13", "object_repr": "marknguyen310701", "action_flag": 3, "change_message": ""}}, {"model": "admin.logentry", "pk": 54, "fields": {"action_time": "2023-12-05T05:55:11.871Z", "user": 1, "content_type": 7, "object_id": "15", "object_repr": "marknguyen310701", "action_flag": 3, "change_message": ""}}, {"model": "admin.logentry", "pk": 55, "fields": {"action_time": "2023-12-05T05:55:11.878Z", "user": 1, "content_type": 7, "object_id": "14", "object_repr": "prolataolalatao", "action_flag": 3, "change_message": ""}}, {"model": "admin.logentry", "pk": 56, "fields": {"action_time": "2023-12-05T05:57:04.991Z", "user": 1, "content_type": 7, "object_id": "16", "object_repr": "prolataolalatao", "action_flag": 3, "change_message": ""}}, {"model": "admin.logentry", "pk": 57, "fields": {"action_time": "2023-12-05T06:24:15.398Z", "user": 1, "content_type": 7, "object_id": "17", "object_repr": "marknguyen310701", "action_flag": 3, "change_message": ""}}, {"model": "admin.logentry", "pk": 58, "fields": {"action_time": "2023-12-05T06:25:49.599Z", "user": 1, "content_type": 7, "object_id": "18", "object_repr": "marknguyen310701", "action_flag": 3, "change_message": ""}}, {"model": "admin.logentry", "pk": 59, "fields": {"action_time": "2023-12-05T06:32:24.050Z", "user": 1, "content_type": 7, "object_id": "19", "object_repr": "marknguyen310701", "action_flag": 3, "change_message": ""}}, {"model": "admin.logentry", "pk": 60, "fields": {"action_time": "2023-12-06T00:02:23.147Z", "user": 1, "content_type": 9, "object_id": "38", "object_repr": "ATX jeans", "action_flag": 3, "change_message": ""}}, {"model": "admin.logentry", "pk": 61, "fields": {"action_time": "2023-12-06T00:02:23.163Z", "user": 1, "content_type": 9, "object_id": "37", "object_repr": "Wragler shirt", "action_flag": 3, "change_message": ""}}, {"model": "admin.logentry", "pk": 62, "fields": {"action_time": "2023-12-06T00:02:23.172Z", "user": 1, "content_type": 9, "object_id": "36", "object_repr": "ATX jeans", "action_flag": 3, "change_message": ""}}, {"model": "admin.logentry", "pk": 63, "fields": {"action_time": "2023-12-06T00:02:30.935Z", "user": 1, "content_type": 10, "object_id": "5", "object_repr": "lfxq4dxil0fc6038ir74co81e0yp4y7i", "action_flag": 3, "change_message": ""}}, {"model": "admin.logentry", "pk": 64, "fields": {"action_time": "2023-12-06T00:02:30.953Z", "user": 1, "content_type": 10, "object_id": "4", "object_repr": "f98x0e98r9ckq4qwa46itfdqxo0imk91", "action_flag": 3, "change_message": ""}}, {"model": "admin.logentry", "pk": 65, "fields": {"action_time": "2023-12-06T00:02:30.960Z", "user": 1, "content_type": 10, "object_id": "3", "object_repr": "7ew624s636qz9848ud9s6o0v1pkuk69d", "action_flag": 3, "change_message": ""}}, {"model": "admin.logentry", "pk": 66, "fields": {"action_time": "2023-12-06T00:28:50.494Z", "user": 1, "content_type": 10, "object_id": "7", "object_repr": "ojf4y7ni905co6fm6e3ja122wbrdbhye", "action_flag": 3, "change_message": ""}}, {"model": "admin.logentry", "pk": 67, "fields": {"action_time": "2023-12-06T00:28:50.511Z", "user": 1, "content_type": 10, "object_id": "6", "object_repr": "w178tu2czacnplldy1hx0sxrxuvwotyf", "action_flag": 3, "change_message": ""}}, {"model": "admin.logentry", "pk": 68, "fields": {"action_time": "2023-12-06T02:57:33.461Z", "user": 1, "content_type": 9, "object_id": "44", "object_repr": "ATX jeans", "action_flag": 3, "change_message": ""}}, {"model": "admin.logentry", "pk": 69, "fields": {"action_time": "2023-12-06T02:57:33.469Z", "user": 1, "content_type": 9, "object_id": "43", "object_repr": "ATX jeans", "action_flag": 3, "change_message": ""}}, {"model": "admin.logentry", "pk": 70, "fields": {"action_time": "2023-12-06T02:57:33.477Z", "user": 1, "content_type": 9, "object_id": "42", "object_repr": "ATX jeans", "action_flag": 3, "change_message": ""}}, {"model": "admin.logentry", "pk": 71, "fields": {"action_time": "2023-12-06T02:57:33.484Z", "user": 1, "content_type": 9, "object_id": "41", "object_repr": "ATX jeans", "action_flag": 3, "change_message": ""}}, {"model": "admin.logentry", "pk": 72, "fields": {"action_time": "2023-12-06T02:57:42.729Z", "user": 1, "content_type": 10, "object_id": "11", "object_repr": "ftiul0s2v1fs3z8fr9z0va3n1mznp4sy", "action_flag": 3, "change_message": ""}}, {"model": "admin.logentry", "pk": 73, "fields": {"action_time": "2023-12-06T02:57:42.747Z", "user": 1, "content_type": 10, "object_id": "10", "object_repr": "z3cg130b8ra2h9p6ywc663oyt4ou0p3i", "action_flag": 3, "change_message": ""}}, {"model": "admin.logentry", "pk": 74, "fields": {"action_time": "2023-12-06T02:57:42.754Z", "user": 1, "content_type": 10, "object_id": "9", "object_repr": "zhf3q9n96e4bktazvnevycag0l3ufarq", "action_flag": 3, "change_message": ""}}, {"model": "admin.logentry", "pk": 75, "fields": {"action_time": "2023-12-06T02:57:42.762Z", "user": 1, "content_type": 10, "object_id": "8", "object_repr": "a9tn9koccsmfldc6d4vwhifc1svtv700", "action_flag": 3, "change_message": ""}}, {"model": "admin.logentry", "pk": 76, "fields": {"action_time": "2023-12-06T03:14:52.163Z", "user": 1, "content_type": 10, "object_id": "13", "object_repr": "hn1w2qb4xv6pix58to5lyl4o70kl0m3v", "action_flag": 3, "change_message": ""}}, {"model": "admin.logentry", "pk": 77, "fields": {"action_time": "2023-12-06T03:14:52.178Z", "user": 1, "content_type": 10, "object_id": "12", "object_repr": "61jnur70tl4zusf7mtzfwhk4j7nxv9rq", "action_flag": 3, "change_message": ""}}, {"model": "admin.logentry", "pk": 78, "fields": {"action_time": "2023-12-06T03:58:53.966Z", "user": 1, "content_type": 9, "object_id": "3", "object_repr": "ATX jeans", "action_flag": 3, "change_message": ""}}, {"model": "admin.logentry", "pk": 79, "fields": {"action_time": "2023-12-06T03:58:53.982Z", "user": 1, "content_type": 9, "object_id": "2", "object_repr": "ATX jeans", "action_flag": 3, "change_message": ""}}, {"model": "admin.logentry", "pk": 80, "fields": {"action_time": "2023-12-06T03:58:53.990Z", "user": 1, "content_type": 9, "object_id": "1", "object_repr": "ATX jeans", "action_flag": 3, "change_message": ""}}, {"model": "admin.logentry", "pk": 81, "fields": {"action_time": "2023-12-06T03:59:01.847Z", "user": 1, "content_type": 10, "object_id": "15", "object_repr": "awe0mvadr78sscvftq4agz8hvvwhry8t", "action_flag": 3, "change_message": ""}}, {"model": "admin.logentry", "pk": 82, "fields": {"action_time": "2023-12-06T03:59:01.864Z", "user": 1, "content_type": 10, "object_id": "14", "object_repr": "zub9aumoc9ejcr9t1gx4rkqvs94z4bfs", "action_flag": 3, "change_message": ""}}, {"model": "admin.logentry", "pk": 83, "fields": {"action_time": "2023-12-06T04:40:11.763Z", "user": 1, "content_type": 9, "object_id": "6", "object_repr": "ATX jeans", "action_flag": 3, "change_message": ""}}, {"model": "admin.logentry", "pk": 84, "fields": {"action_time": "2023-12-06T04:40:11.777Z", "user": 1, "content_type": 9, "object_id": "5", "object_repr": "ATX jeans", "action_flag": 3, "change_message": ""}}, {"model": "admin.logentry", "pk": 85, "fields": {"action_time": "2023-12-06T04:40:11.783Z", "user": 1, "content_type": 9, "object_id": "4", "object_repr": "ATX jeans", "action_flag": 3, "change_message": ""}}, {"model": "admin.logentry", "pk": 86, "fields": {"action_time": "2023-12-06T04:40:16.336Z", "user": 1, "content_type": 10, "object_id": "17", "object_repr": "pvrz7iwx6wmjzzfxqprn129xyolb78zr", "action_flag": 3, "change_message": ""}}, {"model": "admin.logentry", "pk": 87, "fields": {"action_time": "2023-12-06T04:40:16.353Z", "user": 1, "content_type": 10, "object_id": "16", "object_repr": "t6luf957yp4ms4rug2axp6qm3511vkq4", "action_flag": 3, "change_message": ""}}, {"model": "admin.logentry", "pk": 88, "fields": {"action_time": "2023-12-06T05:11:32.894Z", "user": 1, "content_type": 10, "object_id": "22", "object_repr": "p1nokn1jc16okeviih4esqhndwqfdzfj", "action_flag": 3, "change_message": ""}}, {"model": "admin.logentry", "pk": 89, "fields": {"action_time": "2023-12-06T05:11:32.910Z", "user": 1, "content_type": 10, "object_id": "21", "object_repr": "rzuyurp62i4mcdlrjeoftyf8l01bor9j", "action_flag": 3, "change_message": ""}}, {"model": "admin.logentry", "pk": 90, "fields": {"action_time": "2023-12-06T05:11:32.917Z", "user": 1, "content_type": 10, "object_id": "20", "object_repr": "7522c0rie1wonvdusjanz74qs1y2vq5x", "action_flag": 3, "change_message": ""}}, {"model": "admin.logentry", "pk": 91, "fields": {"action_time": "2023-12-06T05:11:32.925Z", "user": 1, "content_type": 10, "object_id": "19", "object_repr": "87omc93qw13y0a09f70ov4rbdq0i0oo0", "action_flag": 3, "change_message": ""}}, {"model": "admin.logentry", "pk": 92, "fields": {"action_time": "2023-12-06T05:11:32.932Z", "user": 1, "content_type": 10, "object_id": "18", "object_repr": "csuwv2ygszsh6u55km2zmqb5iixjc6il", "action_flag": 3, "change_message": ""}}, {"model": "admin.logentry", "pk": 93, "fields": {"action_time": "2023-12-06T05:11:44.203Z", "user": 1, "content_type": 9, "object_id": "11", "object_repr": "Wragler shirt", "action_flag": 3, "change_message": ""}}, {"model": "admin.logentry", "pk": 94, "fields": {"action_time": "2023-12-07T07:45:26.306Z", "user": 1, "content_type": 13, "object_id": "2", "object_repr": "Mark", "action_flag": 3, "change_message": ""}}, {"model": "admin.logentry", "pk": 95, "fields": {"action_time": "2023-12-07T07:45:26.323Z", "user": 1, "content_type": 13, "object_id": "1", "object_repr": "Mark", "action_flag": 3, "change_message": ""}}, {"model": "admin.logentry", "pk": 96, "fields": {"action_time": "2023-12-07T07:54:10.019Z", "user": 1, "content_type": 13, "object_id": "5", "object_repr": "Mark", "action_flag": 3, "change_message": ""}}, {"model": "admin.logentry", "pk": 97, "fields": {"action_time": "2023-12-07T07:54:10.034Z", "user": 1, "content_type": 13, "object_id": "4", "object_repr": "Mark", "action_flag": 3, "change_message": ""}}, {"model": "admin.logentry", "pk": 98, "fields": {"action_time": "2023-12-07T07:54:10.040Z", "user": 1, "content_type": 13, "object_id": "3", "object_repr": "Mark", "action_flag": 3, "change_message": ""}}, {"model": "admin.logentry", "pk": 99, "fields": {"action_time": "2023-12-07T07:57:42.014Z", "user": 1, "content_type": 13, "object_id": "8", "object_repr": "Mark", "action_flag": 3, "change_message": ""}}, {"model": "admin.logentry", "pk": 100, "fields": {"action_time": "2023-12-07T07:57:42.031Z", "user": 1, "content_type": 13, "object_id": "7", "object_repr": "Mark", "action_flag": 3, "change_message": ""}}, {"model": "admin.logentry", "pk": 101, "fields": {"action_time": "2023-12-07T07:57:42.037Z", "user": 1, "content_type": 13, "object_id": "6", "object_repr": "Mark", "action_flag": 3, "change_message": ""}}, {"model": "admin.logentry", "pk": 102, "fields": {"action_time": "2023-12-07T08:22:49.965Z", "user": 1, "content_type": 13, "object_id": "10", "object_repr": "Mark", "action_flag": 3, "change_message": ""}}, {"model": "admin.logentry", "pk": 103, "fields": {"action_time": "2023-12-07T08:22:49.983Z", "user": 1, "content_type": 13, "object_id": "9", "object_repr": "Mark", "action_flag": 3, "change_message": ""}}, {"model": "admin.logentry", "pk": 104, "fields": {"action_time": "2023-12-07T08:24:04.134Z", "user": 1, "content_type": 13, "object_id": "11", "object_repr": "Mark", "action_flag": 3, "change_message": ""}}, {"model": "admin.logentry", "pk": 105, "fields": {"action_time": "2023-12-07T08:25:02.928Z", "user": 1, "content_type": 13, "object_id": "12", "object_repr": "Mark", "action_flag": 3, "change_message": ""}}, {"model": "admin.logentry", "pk": 106, "fields": {"action_time": "2023-12-07T08:26:43.908Z", "user": 1, "content_type": 13, "object_id": "14", "object_repr": "Mark", "action_flag": 3, "change_message": ""}}, {"model": "admin.logentry", "pk": 107, "fields": {"action_time": "2023-12-07T08:26:43.924Z", "user": 1, "content_type": 13, "object_id": "13", "object_repr": "Mark", "action_flag": 3, "change_message": ""}}, {"model": "admin.logentry", "pk": 108, "fields": {"action_time": "2023-12-07T08:30:36.034Z", "user": 1, "content_type": 13, "object_id": "18", "object_repr": "Mark", "action_flag": 3, "change_message": ""}}, {"model": "admin.logentry", "pk": 109, "fields": {"action_time": "2023-12-07T08:30:36.044Z", "user": 1, "content_type": 13, "object_id": "17", "object_repr": "Mark", "action_flag": 3, "change_message": ""}}, {"model": "admin.logentry", "pk": 110, "fields": {"action_time": "2023-12-07T08:30:36.051Z", "user": 1, "content_type": 13, "object_id": "16", "object_repr": "Mark", "action_flag": 3, "change_message": ""}}, {"model": "admin.logentry", "pk": 111, "fields": {"action_time": "2023-12-07T08:30:36.057Z", "user": 1, "content_type": 13, "object_id": "15", "object_repr": "Mark", "action_flag": 3, "change_message": ""}}, {"model": "admin.logentry", "pk": 112, "fields": {"action_time": "2023-12-07T08:39:24.991Z", "user": 1, "content_type": 13, "object_id": "25", "object_repr": "Mark", "action_flag": 3, "change_message": ""}}, {"model": "admin.logentry", "pk": 113, "fields": {"action_time": "2023-12-07T08:39:25.008Z", "user": 1, "content_type": 13, "object_id": "24", "object_repr": "Mark", "action_flag": 3, "change_message": ""}}, {"model": "admin.logentry", "pk": 114, "fields": {"action_time": "2023-12-07T08:39:25.016Z", "user": 1, "content_type": 13, "object_id": "23", "object_repr": "Mark", "action_flag": 3, "change_message": ""}}, {"model": "admin.logentry", "pk": 115, "fields": {"action_time": "2023-12-07T08:39:25.022Z", "user": 1, "content_type": 13, "object_id": "22", "object_repr": "Mark", "action_flag": 3, "change_message": ""}}, {"model": "admin.logentry", "pk": 116, "fields": {"action_time": "2023-12-07T08:39:25.029Z", "user": 1, "content_type": 13, "object_id": "21", "object_repr": "Mark", "action_flag": 3, "change_message": ""}}, {"model": "admin.logentry", "pk": 117, "fields": {"action_time": "2023-12-07T08:39:25.036Z", "user": 1, "content_type": 13, "object_id": "20", "object_repr": "Mark", "action_flag": 3, "change_message": ""}}, {"model": "admin.logentry", "pk": 118, "fields": {"action_time": "2023-12-07T08:39:25.042Z", "user": 1, "content_type": 13, "object_id": "19", "object_repr": "Mark", "action_flag": 3, "change_message": ""}}, {"model": "admin.logentry", "pk": 119, "fields": {"action_time": "2023-12-08T09:40:32.025Z", "user": 1, "content_type": 13, "object_id": "31", "object_repr": "Mark", "action_flag": 3, "change_message": ""}}, {"model": "admin.logentry", "pk": 120, "fields": {"action_time": "2023-12-08T09:40:32.041Z", "user": 1, "content_type": 13, "object_id": "30", "object_repr": "Mark", "action_flag": 3, "change_message": ""}}, {"model": "admin.logentry", "pk": 121, "fields": {"action_time": "2023-12-08T09:40:32.049Z", "user": 1, "content_type": 13, "object_id": "29", "object_repr": "Mark", "action_flag": 3, "change_message": ""}}, {"model": "admin.logentry", "pk": 122, "fields": {"action_time": "2023-12-08T09:40:32.056Z", "user": 1, "content_type": 13, "object_id": "28", "object_repr": "Mark", "action_flag": 3, "change_message": ""}}, {"model": "admin.logentry", "pk": 123, "fields": {"action_time": "2023-12-08T09:40:32.064Z", "user": 1, "content_type": 13, "object_id": "27", "object_repr": "Mark", "action_flag": 3, "change_message": ""}}, {"model": "admin.logentry", "pk": 124, "fields": {"action_time": "2023-12-08T09:40:32.072Z", "user": 1, "content_type": 13, "object_id": "26", "object_repr": "Mark", "action_flag": 3, "change_message": ""}}, {"model": "admin.logentry", "pk": 125, "fields": {"action_time": "2023-12-08T10:04:05.887Z", "user": 1, "content_type": 13, "object_id": "43", "object_repr": "Mark", "action_flag": 3, "change_message": ""}}, {"model": "admin.logentry", "pk": 126, "fields": {"action_time": "2023-12-08T10:04:05.903Z", "user": 1, "content_type": 13, "object_id": "42", "object_repr": "Mark", "action_flag": 3, "change_message": ""}}, {"model": "admin.logentry", "pk": 127, "fields": {"action_time": "2023-12-08T10:04:05.910Z", "user": 1, "content_type": 13, "object_id": "41", "object_repr": "Mark", "action_flag": 3, "change_message": ""}}, {"model": "admin.logentry", "pk": 128, "fields": {"action_time": "2023-12-08T10:04:05.919Z", "user": 1, "content_type": 13, "object_id": "40", "object_repr": "Mark", "action_flag": 3, "change_message": ""}}, {"model": "admin.logentry", "pk": 129, "fields": {"action_time": "2023-12-08T10:04:05.926Z", "user": 1, "content_type": 13, "object_id": "39", "object_repr": "Mark", "action_flag": 3, "change_message": ""}}, {"model": "admin.logentry", "pk": 130, "fields": {"action_time": "2023-12-08T10:04:05.934Z", "user": 1, "content_type": 13, "object_id": "38", "object_repr": "Mark", "action_flag": 3, "change_message": ""}}, {"model": "admin.logentry", "pk": 131, "fields": {"action_time": "2023-12-08T10:04:05.941Z", "user": 1, "content_type": 13, "object_id": "37", "object_repr": "Mark", "action_flag": 3, "change_message": ""}}, {"model": "admin.logentry", "pk": 132, "fields": {"action_time": "2023-12-08T10:04:05.949Z", "user": 1, "content_type": 13, "object_id": "36", "object_repr": "Mark", "action_flag": 3, "change_message": ""}}, {"model": "admin.logentry", "pk": 133, "fields": {"action_time": "2023-12-08T10:04:05.957Z", "user": 1, "content_type": 13, "object_id": "35", "object_repr": "Mark", "action_flag": 3, "change_message": ""}}, {"model": "admin.logentry", "pk": 134, "fields": {"action_time": "2023-12-08T10:04:05.964Z", "user": 1, "content_type": 13, "object_id": "34", "object_repr": "Mark", "action_flag": 3, "change_message": ""}}, {"model": "admin.logentry", "pk": 135, "fields": {"action_time": "2023-12-08T10:04:05.971Z", "user": 1, "content_type": 13, "object_id": "33", "object_repr": "Mark", "action_flag": 3, "change_message": ""}}, {"model": "admin.logentry", "pk": 136, "fields": {"action_time": "2023-12-08T10:04:05.979Z", "user": 1, "content_type": 13, "object_id": "32", "object_repr": "Mark", "action_flag": 3, "change_message": ""}}, {"model": "admin.logentry", "pk": 137, "fields": {"action_time": "2023-12-08T23:30:12.535Z", "user": 1, "content_type": 13, "object_id": "58", "object_repr": "Mark", "action_flag": 3, "change_message": ""}}, {"model": "admin.logentry", "pk": 138, "fields": {"action_time": "2023-12-08T23:30:12.552Z", "user": 1, "content_type": 13, "object_id": "57", "object_repr": "Mark", "action_flag": 3, "change_message": ""}}, {"model": "admin.logentry", "pk": 139, "fields": {"action_time": "2023-12-08T23:30:12.560Z", "user": 1, "content_type": 13, "object_id": "56", "object_repr": "Mark", "action_flag": 3, "change_message": ""}}, {"model": "admin.logentry", "pk": 140, "fields": {"action_time": "2023-12-08T23:30:12.567Z", "user": 1, "content_type": 13, "object_id": "55", "object_repr": "Mark", "action_flag": 3, "change_message": ""}}, {"model": "admin.logentry", "pk": 141, "fields": {"action_time": "2023-12-08T23:30:12.574Z", "user": 1, "content_type": 13, "object_id": "54", "object_repr": "Mark", "action_flag": 3, "change_message": ""}}, {"model": "admin.logentry", "pk": 142, "fields": {"action_time": "2023-12-08T23:30:12.581Z", "user": 1, "content_type": 13, "object_id": "53", "object_repr": "Mark", "action_flag": 3, "change_message": ""}}, {"model": "admin.logentry", "pk": 143, "fields": {"action_time": "2023-12-08T23:30:12.588Z", "user": 1, "content_type": 13, "object_id": "52", "object_repr": "Mark", "action_flag": 3, "change_message": ""}}, {"model": "admin.logentry", "pk": 144, "fields": {"action_time": "2023-12-08T23:30:12.595Z", "user": 1, "content_type": 13, "object_id": "51", "object_repr": "Mark", "action_flag": 3, "change_message": ""}}, {"model": "admin.logentry", "pk": 145, "fields": {"action_time": "2023-12-08T23:30:12.603Z", "user": 1, "content_type": 13, "object_id": "50", "object_repr": "Mark", "action_flag": 3, "change_message": ""}}, {"model": "admin.logentry", "pk": 146, "fields": {"action_time": "2023-12-08T23:30:12.609Z", "user": 1, "content_type": 13, "object_id": "49", "object_repr": "Mark", "action_flag": 3, "change_message": ""}}, {"model": "admin.logentry", "pk": 147, "fields": {"action_time": "2023-12-08T23:30:12.616Z", "user": 1, "content_type": 13, "object_id": "48", "object_repr": "Mark", "action_flag": 3, "change_message": ""}}, {"model": "admin.logentry", "pk": 148, "fields": {"action_time": "2023-12-08T23:30:12.623Z", "user": 1, "content_type": 13, "object_id": "47", "object_repr": "Mark", "action_flag": 3, "change_message": ""}}, {"model": "admin.logentry", "pk": 149, "fields": {"action_time": "2023-12-08T23:30:12.630Z", "user": 1, "content_type": 13, "object_id": "46", "object_repr": "Mark", "action_flag": 3, "change_message": ""}}, {"model": "admin.logentry", "pk": 150, "fields": {"action_time": "2023-12-08T23:30:12.638Z", "user": 1, "content_type": 13, "object_id": "45", "object_repr": "Mark", "action_flag": 3, "change_message": ""}}, {"model": "admin.logentry", "pk": 151, "fields": {"action_time": "2023-12-08T23:30:12.646Z", "user": 1, "content_type": 13, "object_id": "44", "object_repr": "Mark", "action_flag": 3, "change_message": ""}}, {"model": "admin.logentry", "pk": 152, "fields": {"action_time": "2023-12-08T23:38:18.393Z", "user": 1, "content_type": 8, "object_id": "1", "object_repr": "ATX jeans", "action_flag": 2, "change_message": "[{\"changed\": {\"fields\": [\"Price\"]}}]"}}, {"model": "admin.logentry", "pk": 153, "fields": {"action_time": "2023-12-09T01:40:16.884Z", "user": 1, "content_type": 13, "object_id": "90", "object_repr": "Mark", "action_flag": 3, "change_message": ""}}, {"model": "admin.logentry", "pk": 154, "fields": {"action_time": "2023-12-09T01:40:16.899Z", "user": 1, "content_type": 13, "object_id": "89", "object_repr": "Mark", "action_flag": 3, "change_message": ""}}, {"model": "admin.logentry", "pk": 155, "fields": {"action_time": "2023-12-09T01:40:16.907Z", "user": 1, "content_type": 13, "object_id": "88", "object_repr": "Mark", "action_flag": 3, "change_message": ""}}, {"model": "admin.logentry", "pk": 156, "fields": {"action_time": "2023-12-09T01:40:16.914Z", "user": 1, "content_type": 13, "object_id": "87", "object_repr": "Mark", "action_flag": 3, "change_message": ""}}, {"model": "admin.logentry", "pk": 157, "fields": {"action_time": "2023-12-09T01:40:16.922Z", "user": 1, "content_type": 13, "object_id": "86", "object_repr": "Mark", "action_flag": 3, "change_message": ""}}, {"model": "admin.logentry", "pk": 158, "fields": {"action_time": "2023-12-09T01:40:16.929Z", "user": 1, "content_type": 13, "object_id": "85", "object_repr": "Mark", "action_flag": 3, "change_message": ""}}, {"model": "admin.logentry", "pk": 159, "fields": {"action_time": "2023-12-09T01:40:16.937Z", "user": 1, "content_type": 13, "object_id": "84", "object_repr": "Mark", "action_flag": 3, "change_message": ""}}, {"model": "admin.logentry", "pk": 160, "fields": {"action_time": "2023-12-09T01:40:16.944Z", "user": 1, "content_type": 13, "object_id": "83", "object_repr": "Mark", "action_flag": 3, "change_message": ""}}, {"model": "admin.logentry", "pk": 161, "fields": {"action_time": "2023-12-09T01:40:16.951Z", "user": 1, "content_type": 13, "object_id": "82", "object_repr": "Mark", "action_flag": 3, "change_message": ""}}, {"model": "admin.logentry", "pk": 162, "fields": {"action_time": "2023-12-09T01:40:16.959Z", "user": 1, "content_type": 13, "object_id": "81", "object_repr": "Mark", "action_flag": 3, "change_message": ""}}, {"model": "admin.logentry", "pk": 163, "fields": {"action_time": "2023-12-09T01:40:16.966Z", "user": 1, "content_type": 13, "object_id": "80", "object_repr": "Mark", "action_flag": 3, "change_message": ""}}, {"model": "admin.logentry", "pk": 164, "fields": {"action_time": "2023-12-09T01:40:16.975Z", "user": 1, "content_type": 13, "object_id": "79", "object_repr": "Mark", "action_flag": 3, "change_message": ""}}, {"model": "admin.logentry", "pk": 165, "fields": {"action_time": "2023-12-09T01:40:16.982Z", "user": 1, "content_type": 13, "object_id": "78", "object_repr": "Mark", "action_flag": 3, "change_message": ""}}, {"model": "admin.logentry", "pk": 166, "fields": {"action_time": "2023-12-09T01:40:16.988Z", "user": 1, "content_type": 13, "object_id": "77", "object_repr": "Mark", "action_flag": 3, "change_message": ""}}, {"model": "admin.logentry", "pk": 167, "fields": {"action_time": "2023-12-09T01:40:16.994Z", "user": 1, "content_type": 13, "object_id": "76", "object_repr": "Mark", "action_flag": 3, "change_message": ""}}, {"model": "admin.logentry", "pk": 168, "fields": {"action_time": "2023-12-09T01:40:17.003Z", "user": 1, "content_type": 13, "object_id": "75", "object_repr": "Mark", "action_flag": 3, "change_message": ""}}, {"model": "admin.logentry", "pk": 169, "fields": {"action_time": "2023-12-09T01:40:17.013Z", "user": 1, "content_type": 13, "object_id": "74", "object_repr": "Mark", "action_flag": 3, "change_message": ""}}, {"model": "admin.logentry", "pk": 170, "fields": {"action_time": "2023-12-09T01:40:17.021Z", "user": 1, "content_type": 13, "object_id": "73", "object_repr": "Mark", "action_flag": 3, "change_message": ""}}, {"model": "admin.logentry", "pk": 171, "fields": {"action_time": "2023-12-09T01:40:17.030Z", "user": 1, "content_type": 13, "object_id": "72", "object_repr": "Mark", "action_flag": 3, "change_message": ""}}, {"model": "admin.logentry", "pk": 172, "fields": {"action_time": "2023-12-09T01:40:17.037Z", "user": 1, "content_type": 13, "object_id": "71", "object_repr": "Mark", "action_flag": 3, "change_message": ""}}, {"model": "admin.logentry", "pk": 173, "fields": {"action_time": "2023-12-09T01:40:17.043Z", "user": 1, "content_type": 13, "object_id": "70", "object_repr": "Mark", "action_flag": 3, "change_message": ""}}, {"model": "admin.logentry", "pk": 174, "fields": {"action_time": "2023-12-09T01:40:17.050Z", "user": 1, "content_type": 13, "object_id": "69", "object_repr": "Mark", "action_flag": 3, "change_message": ""}}, {"model": "admin.logentry", "pk": 175, "fields": {"action_time": "2023-12-09T01:40:17.056Z", "user": 1, "content_type": 13, "object_id": "68", "object_repr": "Mark", "action_flag": 3, "change_message": ""}}, {"model": "admin.logentry", "pk": 176, "fields": {"action_time": "2023-12-09T01:40:17.065Z", "user": 1, "content_type": 13, "object_id": "67", "object_repr": "Mark", "action_flag": 3, "change_message": ""}}, {"model": "admin.logentry", "pk": 177, "fields": {"action_time": "2023-12-09T01:40:17.076Z", "user": 1, "content_type": 13, "object_id": "66", "object_repr": "Mark", "action_flag": 3, "change_message": ""}}, {"model": "admin.logentry", "pk": 178, "fields": {"action_time": "2023-12-09T01:40:17.090Z", "user": 1, "content_type": 13, "object_id": "65", "object_repr": "Mark", "action_flag": 3, "change_message": ""}}, {"model": "admin.logentry", "pk": 179, "fields": {"action_time": "2023-12-09T01:40:17.097Z", "user": 1, "content_type": 13, "object_id": "64", "object_repr": "Mark", "action_flag": 3, "change_message": ""}}, {"model": "admin.logentry", "pk": 180, "fields": {"action_time": "2023-12-09T01:40:17.114Z", "user": 1, "content_type": 13, "object_id": "63", "object_repr": "Mark", "action_flag": 3, "change_message": ""}}, {"model": "admin.logentry", "pk": 181, "fields": {"action_time": "2023-12-09T01:40:17.122Z", "user": 1, "content_type": 13, "object_id": "62", "object_repr": "Mark", "action_flag": 3, "change_message": ""}}, {"model": "admin.logentry", "pk": 182, "fields": {"action_time": "2023-12-09T01:40:17.132Z", "user": 1, "content_type": 13, "object_id": "61", "object_repr": "Mark", "action_flag": 3, "change_message": ""}}, {"model": "admin.logentry", "pk": 183, "fields": {"action_time": "2023-12-09T01:40:17.140Z", "user": 1, "content_type": 13, "object_id": "60", "object_repr": "Mark", "action_flag": 3, "change_message": ""}}, {"model": "admin.logentry", "pk": 184, "fields": {"action_time": "2023-12-09T01:40:17.150Z", "user": 1, "content_type": 13, "object_id": "59", "object_repr": "Mark", "action_flag": 3, "change_message": ""}}, {"model": "admin.logentry", "pk": 185, "fields": {"action_time": "2023-12-09T05:30:33.323Z", "user": 1, "content_type": 7, "object_id": "20", "object_repr": "marknguyen310701", "action_flag": 2, "change_message": "[{\"changed\": {\"fields\": [\"Is admin\", \"Is staff\", \"Is superadmin\"]}}]"}}, {"model": "admin.logentry", "pk": 187, "fields": {"action_time": "2023-12-10T05:16:06.122Z", "user": 1, "content_type": 15, "object_id": "3", "object_repr": "sdgsd", "action_flag": 3, "change_message": ""}}, {"model": "admin.logentry", "pk": 188, "fields": {"action_time": "2023-12-10T05:16:06.141Z", "user": 1, "content_type": 15, "object_id": "2", "object_repr": "adfa", "action_flag": 3, "change_message": ""}}, {"model": "admin.logentry", "pk": 189, "fields": {"action_time": "2023-12-10T05:16:17.003Z", "user": 1, "content_type": 14, "object_id": "19", "object_repr": "Wragler shirt", "action_flag": 3, "change_message": ""}}, {"model": "admin.logentry", "pk": 190, "fields": {"action_time": "2023-12-10T05:16:17.020Z", "user": 1, "content_type": 14, "object_id": "18", "object_repr": "ATX jeans", "action_flag": 3, "change_message": ""}}, {"model": "admin.logentry", "pk": 191, "fields": {"action_time": "2023-12-10T05:16:17.027Z", "user": 1, "content_type": 14, "object_id": "17", "object_repr": "ATX jeans", "action_flag": 3, "change_message": ""}}, {"model": "admin.logentry", "pk": 192, "fields": {"action_time": "2023-12-10T05:16:17.035Z", "user": 1, "content_type": 14, "object_id": "16", "object_repr": "ATX jeans", "action_flag": 3, "change_message": ""}}, {"model": "admin.logentry", "pk": 193, "fields": {"action_time": "2023-12-10T05:16:17.046Z", "user": 1, "content_type": 14, "object_id": "15", "object_repr": "ATX jeans", "action_flag": 3, "change_message": ""}}, {"model": "admin.logentry", "pk": 194, "fields": {"action_time": "2023-12-10T05:16:17.057Z", "user": 1, "content_type": 14, "object_id": "14", "object_repr": "ATX jeans", "action_flag": 3, "change_message": ""}}, {"model": "admin.logentry", "pk": 195, "fields": {"action_time": "2023-12-10T05:16:17.064Z", "user": 1, "content_type": 14, "object_id": "13", "object_repr": "ATX jeans", "action_flag": 3, "change_message": ""}}, {"model": "admin.logentry", "pk": 196, "fields": {"action_time": "2023-12-10T05:16:17.072Z", "user": 1, "content_type": 14, "object_id": "12", "object_repr": "Wragler shirt", "action_flag": 3, "change_message": ""}}, {"model": "admin.logentry", "pk": 197, "fields": {"action_time": "2023-12-10T05:16:17.082Z", "user": 1, "content_type": 14, "object_id": "11", "object_repr": "ATX jeans", "action_flag": 3, "change_message": ""}}, {"model": "admin.logentry", "pk": 198, "fields": {"action_time": "2023-12-10T05:16:17.094Z", "user": 1, "content_type": 14, "object_id": "10", "object_repr": "Wragler shirt", "action_flag": 3, "change_message": ""}}, {"model": "admin.logentry", "pk": 199, "fields": {"action_time": "2023-12-10T05:16:17.105Z", "user": 1, "content_type": 14, "object_id": "9", "object_repr": "ATX jeans", "action_flag": 3, "change_message": ""}}, {"model": "admin.logentry", "pk": 200, "fields": {"action_time": "2023-12-10T05:16:17.113Z", "user": 1, "content_type": 14, "object_id": "8", "object_repr": "Wragler shirt", "action_flag": 3, "change_message": ""}}, {"model": "admin.logentry", "pk": 201, "fields": {"action_time": "2023-12-10T05:16:17.120Z", "user": 1, "content_type": 14, "object_id": "7", "object_repr": "ATX jeans", "action_flag": 3, "change_message": ""}}, {"model": "admin.logentry", "pk": 202, "fields": {"action_time": "2023-12-10T05:16:17.129Z", "user": 1, "content_type": 14, "object_id": "6", "object_repr": "Wragler shirt", "action_flag": 3, "change_message": ""}}, {"model": "admin.logentry", "pk": 203, "fields": {"action_time": "2023-12-10T05:16:17.136Z", "user": 1, "content_type": 14, "object_id": "5", "object_repr": "ATX jeans", "action_flag": 3, "change_message": ""}}, {"model": "admin.logentry", "pk": 204, "fields": {"action_time": "2023-12-10T05:16:17.144Z", "user": 1, "content_type": 14, "object_id": "4", "object_repr": "Wragler shirt", "action_flag": 3, "change_message": ""}}, {"model": "admin.logentry", "pk": 205, "fields": {"action_time": "2023-12-10T05:16:17.151Z", "user": 1, "content_type": 14, "object_id": "3", "object_repr": "ATX jeans", "action_flag": 3, "change_message": ""}}, {"model": "admin.logentry", "pk": 206, "fields": {"action_time": "2023-12-10T05:16:17.159Z", "user": 1, "content_type": 14, "object_id": "2", "object_repr": "Wragler shirt", "action_flag": 3, "change_message": ""}}, {"model": "admin.logentry", "pk": 207, "fields": {"action_time": "2023-12-10T05:16:17.167Z", "user": 1, "content_type": 14, "object_id": "1", "object_repr": "ATX jeans", "action_flag": 3, "change_message": ""}}, {"model": "admin.logentry", "pk": 208, "fields": {"action_time": "2023-12-10T05:16:28.711Z", "user": 1, "content_type": 12, "object_id": "13", "object_repr": "65121623JY397504U", "action_flag": 3, "change_message": ""}}, {"model": "admin.logentry", "pk": 209, "fields": {"action_time": "2023-12-10T05:16:28.726Z", "user": 1, "content_type": 12, "object_id": "12", "object_repr": "1DV12579913310730", "action_flag": 3, "change_message": ""}}, {"model": "admin.logentry", "pk": 210, "fields": {"action_time": "2023-12-10T05:16:28.734Z", "user": 1, "content_type": 12, "object_id": "11", "object_repr": "1D304720XW680015W", "action_flag": 3, "change_message": ""}}, {"model": "admin.logentry", "pk": 211, "fields": {"action_time": "2023-12-10T05:16:28.742Z", "user": 1, "content_type": 12, "object_id": "10", "object_repr": "8TA446146E305980R", "action_flag": 3, "change_message": ""}}, {"model": "admin.logentry", "pk": 212, "fields": {"action_time": "2023-12-10T05:16:28.750Z", "user": 1, "content_type": 12, "object_id": "9", "object_repr": "7Y131694CW801930G", "action_flag": 3, "change_message": ""}}, {"model": "admin.logentry", "pk": 213, "fields": {"action_time": "2023-12-10T05:16:28.758Z", "user": 1, "content_type": 12, "object_id": "8", "object_repr": "7UR92234GU391434X", "action_flag": 3, "change_message": ""}}, {"model": "admin.logentry", "pk": 214, "fields": {"action_time": "2023-12-10T05:16:28.765Z", "user": 1, "content_type": 12, "object_id": "7", "object_repr": "65P564595S031362V", "action_flag": 3, "change_message": ""}}, {"model": "admin.logentry", "pk": 215, "fields": {"action_time": "2023-12-10T05:16:28.772Z", "user": 1, "content_type": 12, "object_id": "6", "object_repr": "17A26046XS0925217", "action_flag": 3, "change_message": ""}}, {"model": "admin.logentry", "pk": 216, "fields": {"action_time": "2023-12-10T05:16:28.779Z", "user": 1, "content_type": 12, "object_id": "5", "object_repr": "1UV12328A6027524Y", "action_flag": 3, "change_message": ""}}, {"model": "admin.logentry", "pk": 217, "fields": {"action_time": "2023-12-10T05:16:28.787Z", "user": 1, "content_type": 12, "object_id": "4", "object_repr": "4WN39911K70159718", "action_flag": 3, "change_message": ""}}, {"model": "admin.logentry", "pk": 218, "fields": {"action_time": "2023-12-10T05:16:28.795Z", "user": 1, "content_type": 12, "object_id": "3", "object_repr": "2YU30790T8009342N", "action_flag": 3, "change_message": ""}}, {"model": "admin.logentry", "pk": 219, "fields": {"action_time": "2023-12-10T05:16:28.800Z", "user": 1, "content_type": 12, "object_id": "2", "object_repr": "6HK8360600811723D", "action_flag": 3, "change_message": ""}}, {"model": "admin.logentry", "pk": 220, "fields": {"action_time": "2023-12-10T05:16:28.808Z", "user": 1, "content_type": 12, "object_id": "1", "object_repr": "5V175631UV617004A", "action_flag": 3, "change_message": ""}}, {"model": "admin.logentry", "pk": 221, "fields": {"action_time": "2023-12-10T05:16:51.250Z", "user": 1, "content_type": 13, "object_id": "117", "object_repr": "Mark", "action_flag": 3, "change_message": ""}}, {"model": "admin.logentry", "pk": 222, "fields": {"action_time": "2023-12-10T05:16:51.258Z", "user": 1, "content_type": 13, "object_id": "116", "object_repr": "Mark", "action_flag": 3, "change_message": ""}}, {"model": "admin.logentry", "pk": 223, "fields": {"action_time": "2023-12-10T05:16:51.265Z", "user": 1, "content_type": 13, "object_id": "115", "object_repr": "Mark", "action_flag": 3, "change_message": ""}}, {"model": "admin.logentry", "pk": 224, "fields": {"action_time": "2023-12-10T05:16:51.272Z", "user": 1, "content_type": 13, "object_id": "114", "object_repr": "Mark", "action_flag": 3, "change_message": ""}}, {"model": "admin.logentry", "pk": 225, "fields": {"action_time": "2023-12-10T05:16:51.279Z", "user": 1, "content_type": 13, "object_id": "113", "object_repr": "Mark", "action_flag": 3, "change_message": ""}}, {"model": "admin.logentry", "pk": 226, "fields": {"action_time": "2023-12-10T05:16:51.287Z", "user": 1, "content_type": 13, "object_id": "112", "object_repr": "Mark", "action_flag": 3, "change_message": ""}}, {"model": "admin.logentry", "pk": 227, "fields": {"action_time": "2023-12-10T05:16:51.294Z", "user": 1, "content_type": 13, "object_id": "111", "object_repr": "dfhdfh", "action_flag": 3, "change_message": ""}}, {"model": "admin.logentry", "pk": 228, "fields": {"action_time": "2023-12-10T05:16:51.301Z", "user": 1, "content_type": 13, "object_id": "110", "object_repr": "Mark", "action_flag": 3, "change_message": ""}}, {"model": "admin.logentry", "pk": 229, "fields": {"action_time": "2023-12-10T05:16:51.308Z", "user": 1, "content_type": 13, "object_id": "109", "object_repr": "Mark", "action_flag": 3, "change_message": ""}}, {"model": "admin.logentry", "pk": 230, "fields": {"action_time": "2023-12-10T05:16:51.315Z", "user": 1, "content_type": 13, "object_id": "108", "object_repr": "Mark", "action_flag": 3, "change_message": ""}}, {"model": "admin.logentry", "pk": 231, "fields": {"action_time": "2023-12-10T05:16:51.323Z", "user": 1, "content_type": 13, "object_id": "107", "object_repr": "Mark", "action_flag": 3, "change_message": ""}}, {"model": "admin.logentry", "pk": 232, "fields": {"action_time": "2023-12-10T05:16:51.330Z", "user": 1, "content_type": 13, "object_id": "106", "object_repr": "Mark", "action_flag": 3, "change_message": ""}}, {"model": "admin.logentry", "pk": 233, "fields": {"action_time": "2023-12-10T05:16:51.337Z", "user": 1, "content_type": 13, "object_id": "105", "object_repr": "Mark", "action_flag": 3, "change_message": ""}}, {"model": "admin.logentry", "pk": 234, "fields": {"action_time": "2023-12-10T05:16:51.345Z", "user": 1, "content_type": 13, "object_id": "104", "object_repr": "Mark", "action_flag": 3, "change_message": ""}}, {"model": "admin.logentry", "pk": 235, "fields": {"action_time": "2023-12-10T05:16:51.352Z", "user": 1, "content_type": 13, "object_id": "103", "object_repr": "Mark", "action_flag": 3, "change_message": ""}}, {"model": "admin.logentry", "pk": 236, "fields": {"action_time": "2023-12-10T05:16:51.359Z", "user": 1, "content_type": 13, "object_id": "102", "object_repr": "Mark", "action_flag": 3, "change_message": ""}}, {"model": "admin.logentry", "pk": 237, "fields": {"action_time": "2023-12-10T05:16:51.367Z", "user": 1, "content_type": 13, "object_id": "101", "object_repr": "Mark", "action_flag": 3, "change_message": ""}}, {"model": "admin.logentry", "pk": 238, "fields": {"action_time": "2023-12-10T05:16:51.374Z", "user": 1, "content_type": 13, "object_id": "100", "object_repr": "Mark", "action_flag": 3, "change_message": ""}}, {"model": "admin.logentry", "pk": 239, "fields": {"action_time": "2023-12-10T05:16:51.382Z", "user": 1, "content_type": 13, "object_id": "99", "object_repr": "Mark", "action_flag": 3, "change_message": ""}}, {"model": "admin.logentry", "pk": 240, "fields": {"action_time": "2023-12-10T05:16:51.389Z", "user": 1, "content_type": 13, "object_id": "98", "object_repr": "Mark", "action_flag": 3, "change_message": ""}}, {"model": "admin.logentry", "pk": 241, "fields": {"action_time": "2023-12-10T05:57:39.880Z", "user": 1, "content_type": 15, "object_id": "5", "object_repr": "dsf", "action_flag": 1, "change_message": "[{\"added\": {}}]"}}, {"model": "admin.logentry", "pk": 242, "fields": {"action_time": "2023-12-10T06:07:13.163Z", "user": 1, "content_type": 15, "object_id": "5", "object_repr": "dsf", "action_flag": 2, "change_message": "[{\"changed\": {\"fields\": [\"Rating\"]}}]"}}, {"model": "admin.logentry", "pk": 243, "fields": {"action_time": "2023-12-10T06:07:30.245Z", "user": 1, "content_type": 15, "object_id": "5", "object_repr": "dsf", "action_flag": 2, "change_message": "[{\"changed\": {\"fields\": [\"Rating\"]}}]"}}, {"model": "admin.logentry", "pk": 244, "fields": {"action_time": "2023-12-10T06:09:46.235Z", "user": 1, "content_type": 15, "object_id": "5", "object_repr": "dsf", "action_flag": 2, "change_message": "[{\"changed\": {\"fields\": [\"Rating\"]}}]"}}, {"model": "admin.logentry", "pk": 245, "fields": {"action_time": "2023-12-10T06:10:16.945Z", "user": 1, "content_type": 15, "object_id": "5", "object_repr": "dsf", "action_flag": 2, "change_message": "[{\"changed\": {\"fields\": [\"Rating\"]}}]"}}, {"model": "admin.logentry", "pk": 246, "fields": {"action_time": "2023-12-10T06:10:28.846Z", "user": 1, "content_type": 15, "object_id": "5", "object_repr": "dsf", "action_flag": 2, "change_message": "[{\"changed\": {\"fields\": [\"Rating\"]}}]"}}, {"model": "admin.logentry", "pk": 247, "fields": {"action_time": "2023-12-11T00:16:30.813Z", "user": 1, "content_type": 15, "object_id": "4", "object_repr": "asfas", "action_flag": 2, "change_message": "[{\"changed\": {\"fields\": [\"Rating\"]}}]"}}, {"model": "admin.logentry", "pk": 248, "fields": {"action_time": "2023-12-11T00:21:50.606Z", "user": 1, "content_type": 15, "object_id": "4", "object_repr": "asfas", "action_flag": 2, "change_message": "[{\"changed\": {\"fields\": [\"Rating\"]}}]"}}, {"model": "admin.logentry", "pk": 249, "fields": {"action_time": "2023-12-11T00:48:06.318Z", "user": 1, "content_type": 7, "object_id": "1", "object_repr": "danh", "action_flag": 2, "change_message": "[{\"changed\": {\"fields\": [\"Phone number\"]}}]"}}, {"model": "admin.logentry", "pk": 250, "fields": {"action_time": "2023-12-11T04:10:57.887Z", "user": 1, "content_type": 16, "object_id": "1", "object_repr": "danh", "action_flag": 1, "change_message": "[{\"added\": {}}]"}}, {"model": "admin.logentry", "pk": 251, "fields": {"action_time": "2023-12-12T02:15:21.382Z", "user": 1, "content_type": 7, "object_id": "21", "object_repr": "abc", "action_flag": 2, "change_message": "[{\"changed\": {\"fields\": [\"Is active\"]}}]"}}, {"model": "admin.logentry", "pk": 252, "fields": {"action_time": "2023-12-12T04:57:25.922Z", "user": 1, "content_type": 13, "object_id": "91", "object_repr": "Mark", "action_flag": 3, "change_message": ""}}, {"model": "admin.logentry", "pk": 253, "fields": {"action_time": "2023-12-12T05:02:03.026Z", "user": 1, "content_type": 13, "object_id": "121", "object_repr": "Mark", "action_flag": 3, "change_message": ""}}, {"model": "admin.logentry", "pk": 254, "fields": {"action_time": "2023-12-12T05:02:03.043Z", "user": 1, "content_type": 13, "object_id": "120", "object_repr": "Mark", "action_flag": 3, "change_message": ""}}, {"model": "admin.logentry", "pk": 255, "fields": {"action_time": "2023-12-13T01:31:28.397Z", "user": 1, "content_type": 8, "object_id": "9", "object_repr": "jordan-true-flight-basketball-shoes", "action_flag": 2, "change_message": "[{\"added\": {\"name\": \"productgallery\", \"object\": \"jordan-true-flight-basketball-shoes\"}}]"}}, {"model": "admin.logentry", "pk": 256, "fields": {"action_time": "2023-12-13T01:31:39.958Z", "user": 1, "content_type": 17, "object_id": "1", "object_repr": "jordan-true-flight-basketball-shoes", "action_flag": 3, "change_message": ""}}, {"model": "admin.logentry", "pk": 257, "fields": {"action_time": "2023-12-13T01:31:48.076Z", "user": 1, "content_type": 8, "object_id": "10", "object_repr": "jean3", "action_flag": 2, "change_message": "[{\"added\": {\"name\": \"productgallery\", \"object\": \"jean3\"}}]"}}, {"model": "admin.logentry", "pk": 258, "fields": {"action_time": "2023-12-13T02:04:18.757Z", "user": 1, "content_type": 7, "object_id": "21", "object_repr": "abc", "action_flag": 3, "change_message": ""}}, {"model": "admin.logentry", "pk": 259, "fields": {"action_time": "2023-12-13T02:04:18.773Z", "user": 1, "content_type": 7, "object_id": "10", "object_repr": "ff", "action_flag": 3, "change_message": ""}}, {"model": "admin.logentry", "pk": 260, "fields": {"action_time": "2023-12-13T02:04:18.781Z", "user": 1, "content_type": 7, "object_id": "9", "object_repr": "danh12", "action_flag": 3, "change_message": ""}}, {"model": "admin.logentry", "pk": 261, "fields": {"action_time": "2023-12-13T02:04:18.788Z", "user": 1, "content_type": 7, "object_id": "8", "object_repr": "propro", "action_flag": 3, "change_message": ""}}, {"model": "admin.logentry", "pk": 262, "fields": {"action_time": "2023-12-13T02:05:37.300Z", "user": 1, "content_type": 7, "object_id": "20", "object_repr": "marknguyen310701", "action_flag": 3, "change_message": ""}}, {"model": "admin.logentry", "pk": 263, "fields": {"action_time": "2023-12-13T02:07:33.969Z", "user": 1, "content_type": 7, "object_id": "22", "object_repr": "marknguyen310701", "action_flag": 2, "change_message": "[{\"changed\": {\"fields\": [\"Is admin\", \"Is staff\", \"Is superadmin\"]}}]"}}, {"model": "admin.logentry", "pk": 264, "fields": {"action_time": "2023-12-15T00:45:13.064Z", "user": 22, "content_type": 7, "object_id": "23", "object_repr": "abc", "action_flag": 2, "change_message": "[{\"changed\": {\"fields\": [\"Is active\"]}}]"}}, {"model": "auth.permission", "pk": 1, "fields": {"name": "Can add log entry", "content_type": 1, "codename": "add_logentry"}}, {"model": "auth.permission", "pk": 2, "fields": {"name": "Can change log entry", "content_type": 1, "codename": "change_logentry"}}, {"model": "auth.permission", "pk": 3, "fields": {"name": "Can delete log entry", "content_type": 1, "codename": "delete_logentry"}}, {"model": "auth.permission", "pk": 4, "fields": {"name": "Can view log entry", "content_type": 1, "codename": "view_logentry"}}, {"model": "auth.permission", "pk": 5, "fields": {"name": "Can add permission", "content_type": 2, "codename": "add_permission"}}, {"model": "auth.permission", "pk": 6, "fields": {"name": "Can change permission", "content_type": 2, "codename": "change_permission"}}, {"model": "auth.permission", "pk": 7, "fields": {"name": "Can delete permission", "content_type": 2, "codename": "delete_permission"}}, {"model": "auth.permission", "pk": 8, "fields": {"name": "Can view permission", "content_type": 2, "codename": "view_permission"}}, {"model": "auth.permission", "pk": 9, "fields": {"name": "Can add group", "content_type": 3, "codename": "add_group"}}, {"model": "auth.permission", "pk": 10, "fields": {"name": "Can change group", "content_type": 3, "codename": "change_group"}}, {"model": "auth.permission", "pk": 11, "fields": {"name": "Can delete group", "content_type": 3, "codename": "delete_group"}}, {"model": "auth.permission", "pk": 12, "fields": {"name": "Can view group", "content_type": 3, "codename": "view_group"}}, {"model": "auth.permission", "pk": 13, "fields": {"name": "Can add content type", "content_type": 4, "codename": "add_contenttype"}}, {"model": "auth.permission", "pk": 14, "fields": {"name": "Can change content type", "content_type": 4, "codename": "change_contenttype"}}, {"model": "auth.permission", "pk": 15, "fields": {"name": "Can delete content type", "content_type": 4, "codename": "delete_contenttype"}}, {"model": "auth.permission", "pk": 16, "fields": {"name": "Can view content type", "content_type": 4, "codename": "view_contenttype"}}, {"model": "auth.permission", "pk": 17, "fields": {"name": "Can add session", "content_type": 5, "codename": "add_session"}}, {"model": "auth.permission", "pk": 18, "fields": {"name": "Can change session", "content_type": 5, "codename": "change_session"}}, {"model": "auth.permission", "pk": 19, "fields": {"name": "Can delete session", "content_type": 5, "codename": "delete_session"}}, {"model": "auth.permission", "pk": 20, "fields": {"name": "Can view session", "content_type": 5, "codename": "view_session"}}, {"model": "auth.permission", "pk": 21, "fields": {"name": "Can add category", "content_type": 6, "codename": "add_category"}}, {"model": "auth.permission", "pk": 22, "fields": {"name": "Can change category", "content_type": 6, "codename": "change_category"}}, {"model": "auth.permission", "pk": 23, "fields": {"name": "Can delete category", "content_type": 6, "codename": "delete_category"}}, {"model": "auth.permission", "pk": 24, "fields": {"name": "Can view category", "content_type": 6, "codename": "view_category"}}, {"model": "auth.permission", "pk": 25, "fields": {"name": "Can add account", "content_type": 7, "codename": "add_account"}}, {"model": "auth.permission", "pk": 26, "fields": {"name": "Can change account", "content_type": 7, "codename": "change_account"}}, {"model": "auth.permission", "pk": 27, "fields": {"name": "Can delete account", "content_type": 7, "codename": "delete_account"}}, {"model": "auth.permission", "pk": 28, "fields": {"name": "Can view account", "content_type": 7, "codename": "view_account"}}, {"model": "auth.permission", "pk": 29, "fields": {"name": "Can add product", "content_type": 8, "codename": "add_product"}}, {"model": "auth.permission", "pk": 30, "fields": {"name": "Can change product", "content_type": 8, "codename": "change_product"}}, {"model": "auth.permission", "pk": 31, "fields": {"name": "Can delete product", "content_type": 8, "codename": "delete_product"}}, {"model": "auth.permission", "pk": 32, "fields": {"name": "Can view product", "content_type": 8, "codename": "view_product"}}, {"model": "auth.permission", "pk": 33, "fields": {"name": "Can add cart item", "content_type": 9, "codename": "add_cartitem"}}, {"model": "auth.permission", "pk": 34, "fields": {"name": "Can change cart item", "content_type": 9, "codename": "change_cartitem"}}, {"model": "auth.permission", "pk": 35, "fields": {"name": "Can delete cart item", "content_type": 9, "codename": "delete_cartitem"}}, {"model": "auth.permission", "pk": 36, "fields": {"name": "Can view cart item", "content_type": 9, "codename": "view_cartitem"}}, {"model": "auth.permission", "pk": 37, "fields": {"name": "Can add cart", "content_type": 10, "codename": "add_cart"}}, {"model": "auth.permission", "pk": 38, "fields": {"name": "Can change cart", "content_type": 10, "codename": "change_cart"}}, {"model": "auth.permission", "pk": 39, "fields": {"name": "Can delete cart", "content_type": 10, "codename": "delete_cart"}}, {"model": "auth.permission", "pk": 40, "fields": {"name": "Can view cart", "content_type": 10, "codename": "view_cart"}}, {"model": "auth.permission", "pk": 41, "fields": {"name": "Can add variation", "content_type": 11, "codename": "add_variation"}}, {"model": "auth.permission", "pk": 42, "fields": {"name": "Can change variation", "content_type": 11, "codename": "change_variation"}}, {"model": "auth.permission", "pk": 43, "fields": {"name": "Can delete variation", "content_type": 11, "codename": "delete_variation"}}, {"model": "auth.permission", "pk": 44, "fields": {"name": "Can view variation", "content_type": 11, "codename": "view_variation"}}, {"model": "auth.permission", "pk": 45, "fields": {"name": "Can add payment", "content_type": 12, "codename": "add_payment"}}, {"model": "auth.permission", "pk": 46, "fields": {"name": "Can change payment", "content_type": 12, "codename": "change_payment"}}, {"model": "auth.permission", "pk": 47, "fields": {"name": "Can delete payment", "content_type": 12, "codename": "delete_payment"}}, {"model": "auth.permission", "pk": 48, "fields": {"name": "Can view payment", "content_type": 12, "codename": "view_payment"}}, {"model": "auth.permission", "pk": 49, "fields": {"name": "Can add order", "content_type": 13, "codename": "add_order"}}, {"model": "auth.permission", "pk": 50, "fields": {"name": "Can change order", "content_type": 13, "codename": "change_order"}}, {"model": "auth.permission", "pk": 51, "fields": {"name": "Can delete order", "content_type": 13, "codename": "delete_order"}}, {"model": "auth.permission", "pk": 52, "fields": {"name": "Can view order", "content_type": 13, "codename": "view_order"}}, {"model": "auth.permission", "pk": 53, "fields": {"name": "Can add order product", "content_type": 14, "codename": "add_orderproduct"}}, {"model": "auth.permission", "pk": 54, "fields": {"name": "Can change order product", "content_type": 14, "codename": "change_orderproduct"}}, {"model": "auth.permission", "pk": 55, "fields": {"name": "Can delete order product", "content_type": 14, "codename": "delete_orderproduct"}}, {"model": "auth.permission", "pk": 56, "fields": {"name": "Can view order product", "content_type": 14, "codename": "view_orderproduct"}}, {"model": "auth.permission", "pk": 57, "fields": {"name": "Can add review rating", "content_type": 15, "codename": "add_reviewrating"}}, {"model": "auth.permission", "pk": 58, "fields": {"name": "Can change review rating", "content_type": 15, "codename": "change_reviewrating"}}, {"model": "auth.permission", "pk": 59, "fields": {"name": "Can delete review rating", "content_type": 15, "codename": "delete_reviewrating"}}, {"model": "auth.permission", "pk": 60, "fields": {"name": "Can view review rating", "content_type": 15, "codename": "view_reviewrating"}}, {"model": "auth.permission", "pk": 61, "fields": {"name": "Can add user profile", "content_type": 16, "codename": "add_userprofile"}}, {"model": "auth.permission", "pk": 62, "fields": {"name": "Can change user profile", "content_type": 16, "codename": "change_userprofile"}}, {"model": "auth.permission", "pk": 63, "fields": {"name": "Can delete user profile", "content_type": 16, "codename": "delete_userprofile"}}, {"model": "auth.permission", "pk": 64, "fields": {"name": "Can view user profile", "content_type": 16, "codename": "view_userprofile"}}, {"model": "auth.permission", "pk": 65, "fields": {"name": "Can add product gallery", "content_type": 17, "codename": "add_productgallery"}}, {"model": "auth.permission", "pk": 66, "fields": {"name": "Can change product gallery", "content_type": 17, "codename": "change_productgallery"}}, {"model": "auth.permission", "pk": 67, "fields": {"name": "Can delete product gallery", "content_type": 17, "codename": "delete_productgallery"}}, {"model": "auth.permission", "pk": 68, "fields": {"name": "Can view product gallery", "content_type": 17, "codename": "view_productgallery"}}, {"model": "contenttypes.contenttype", "pk": 1, "fields": {"app_label": "admin", "model": "logentry"}}, {"model": "contenttypes.contenttype", "pk": 2, "fields": {"app_label": "auth", "model": "permission"}}, {"model": "contenttypes.contenttype", "pk": 3, "fields": {"app_label": "auth", "model": "group"}}, {"model": "contenttypes.contenttype", "pk": 4, "fields": {"app_label": "contenttypes", "model": "contenttype"}}, {"model": "contenttypes.contenttype", "pk": 5, "fields": {"app_label": "sessions", "model": "session"}}, {"model": "contenttypes.contenttype", "pk": 6, "fields": {"app_label": "category", "model": "category"}}, {"model": "contenttypes.contenttype", "pk": 7, "fields": {"app_label": "accounts", "model": "account"}}, {"model": "contenttypes.contenttype", "pk": 8, "fields": {"app_label": "store", "model": "product"}}, {"model": "contenttypes.contenttype", "pk": 9, "fields": {"app_label": "carts", "model": "cartitem"}}, {"model": "contenttypes.contenttype", "pk": 10, "fields": {"app_label": "carts", "model": "cart"}}, {"model": "contenttypes.contenttype", "pk": 11, "fields": {"app_label": "store", "model": "variation"}}, {"model": "contenttypes.contenttype", "pk": 12, "fields": {"app_label": "orders", "model": "payment"}}, {"model": "contenttypes.contenttype", "pk": 13, "fields": {"app_label": "orders", "model": "order"}}, {"model": "contenttypes.contenttype", "pk": 14, "fields": {"app_label": "orders", "model": "orderproduct"}}, {"model": "contenttypes.contenttype", "pk": 15, "fields": {"app_label": "store", "model": "reviewrating"}}, {"model": "contenttypes.contenttype", "pk": 16, "fields": {"app_label": "accounts", "model": "userprofile"}}, {"model": "contenttypes.contenttype", "pk": 17, "fields": {"app_label": "store", "model": "productgallery"}}, {"model": "sessions.session", "pk": "1k5g9bk4ynhxkfurk8ktturavgungv7k", "fields": {"session_data": ".eJxVjDsOwjAQBe_iGlm7VuI4lPScwdqPjQPIkeKkQtwdIqWA9s3Me5lI21ri1tISJzVng-b0uzHJI9Ud6J3qbbYy13WZ2O6KPWiz11nT83K4fweFWvnWXnPPLDxi4G5kQXDeQ6CElAOQoKpTh74jFudANAX0kNn1YYAB0Lw__qw4CQ:1rAfMM:jVA7PAiX4POcJILt8sawotiNyzFm6Sy3mZ3J_q4_8UQ", "expire_date": "2023-12-20T00:01:50.005Z"}}, {"model": "sessions.session", "pk": "8ahctv4d557evq81mjtibhserqfyvbzq", "fields": {"session_data": ".eJxVjDsOwjAQBe_iGlm7VuI4lPScwdqPjQPIkeKkQtwdIqWA9s3Me5lI21ri1tISJzVng-b0uzHJI9Ud6J3qbbYy13WZ2O6KPWiz11nT83K4fweFWvnWXnPPLDxi4G5kQXDeQ6CElAOQoKpTh74jFudANAX0kNn1YYAB0Lw__qw4CQ:1rAkQN:d1W8tZ2A96HryTp5V2OWEc-ad_9e0SDQUt42fSVp3CI", "expire_date": "2023-12-20T05:26:19.359Z"}}, {"model": "sessions.session", "pk": "9rfc4u04ocdzeeiihpxooocqzmuk03si", "fields": {"session_data": "e30:1rA1ej:x3Y9v8vCTqWZTJ4oQZz1jmPkVbjXOa_9TkZc3TwNsic", "expire_date": "2023-12-18T05:38:09.904Z"}}, {"model": "sessions.session", "pk": "ddzd1j35zc08unaj6tefcozu8achicbu", "fields": {"session_data": "e30:1rAk9C:ZRjEvMcvsZp4WD-8VazYv9kvj_a3UlwiyFGn-S7SGUo", "expire_date": "2023-12-20T05:08:34.392Z"}}, {"model": "sessions.session", "pk": "fl113uwdhe1id0peg52jrk8eqhp6ijf3", "fields": {"session_data": ".eJxVjDsOwjAQBe_iGlm7VuI4lPScwdqPjQPIkeKkQtwdIqWA9s3Me5lI21ri1tISJzVng-b0uzHJI9Ud6J3qbbYy13WZ2O6KPWiz11nT83K4fweFWvnWXnPPLDxi4G5kQXDeQ6CElAOQoKpTh74jFudANAX0kNn1YYAB0Lw__qw4CQ:1rBlwT:TACBOR4iJZkemdXc-wIL6D7yEkm8kzvdflAO_s7q8nM", "expire_date": "2023-12-23T01:15:41.890Z"}}, {"model": "sessions.session", "pk": "fxi4jf0sjwv0gjmxcysdrv715k02fj6s", "fields": {"session_data": ".eJxVjDsOwjAQBe_iGlm7VuI4lPScwdqPjQPIkeKkQtwdIqWA9s3Me5lI21ri1tISJzVng-b0uzHJI9Ud6J3qbbYy13WZ2O6KPWiz11nT83K4fweFWvnWXnPPLDxi4G5kQXDeQ6CElAOQoKpTh74jFudANAX0kNn1YYAB0Lw__qw4CQ:1rBY6g:YyzseI9bpWMoLRguWaVKK5xyIzrmmgis1PfJ1Q8eAXo", "expire_date": "2023-12-22T10:29:18.676Z"}}, {"model": "sessions.session", "pk": "gs1gjuretpisb43cnxr860iqkmev8dnr", "fields": {"session_data": "e30:1rDcvm:KVb7JLOethILhgVw5MZeY3-0yGseL8pUmml8BPmOuLA", "expire_date": "2023-12-28T04:02:38.040Z"}}, {"model": "sessions.session", "pk": "gt14ks2w1j3khvakxvmzegl8rnadid8v", "fields": {"session_data": "e30:1rAfgl:hewsUvc-gweHV2BaXyQTNCb7kuANrSoi27nmQqB8iYQ", "expire_date": "2023-12-20T00:22:55.496Z"}}, {"model": "sessions.session", "pk": "nwdusa1b82916287xxub55tp330cl026", "fields": {"session_data": "e30:1rAkBJ:7Msz6o_WRJkfUZqN8VodVg9WEwlz51Y-xENii6rsVkA", "expire_date": "2023-12-20T05:10:45.502Z"}}, {"model": "sessions.session", "pk": "u8c8udi7s0980vqee25a7htptrv3u8ts", "fields": {"session_data": ".eJxVjDsOwjAQBe_iGln4t7Yp6TmDtd5dcAAlUpxUiLtDpBTQvpl5L1VwXVpZu8xlYHVS1qrD71iRHjJuhO843iZN07jMQ9Wbonfa9WVieZ539--gYW_f2oHNCUUgElMImDGGBD47gy4anwDZoDVWGBmunnxN5IBMluyOKYF6fwD-jze3:1rDw38:raKVP5mKA1thnOB_NV0xHZkuOMcB0_cKgkbWACmVerE", "expire_date": "2023-12-29T00:27:30.831Z"}}, {"model": "sessions.session", "pk": "wmbsg3xb17vnjvs899zvvtflgx0er9j4", "fields": {"session_data": ".eJxVjDsOwjAQBe_iGln-xD9Kes5g7Xo3OIAcKU4qxN0hUgpo38y8l8iwrTVvnZc8kTgLLU6_G0J5cNsB3aHdZlnmti4Tyl2RB-3yOhM_L4f7d1Ch129tPRiOPgUPQ3AJiAxgGRUyoaaE3lirC1PEYbSIxYWoXDJJkY42miDeH_ifOAc:1rDwKg:fly4AuFY_8GNW5B2Ehlvk9OMa7fcJVxRKNaHzateVSE", "expire_date": "2023-12-29T00:45:38.791Z"}}, {"model": "sessions.session", "pk": "x3mqlp4g851k2bmhrhrj89grkj1i6w4a", "fields": {"session_data": ".eJxVjDsOwjAQBe_iGlm7VuI4lPScwdqPjQPIkeKkQtwdIqWA9s3Me5lI21ri1tISJzVng-b0uzHJI9Ud6J3qbbYy13WZ2O6KPWiz11nT83K4fweFWvnWXnPPLDxi4G5kQXDeQ6CElAOQoKpTh74jFudANAX0kNn1YYAB0Lw__qw4CQ:1rBXfu:QMCku72djIL2cwbrehHGoj1VUfSCcoHMBzvaP5oVNKY", "expire_date": "2023-12-22T10:01:38.391Z"}}, {"model": "category.category", "pk": 1, "fields": {"category_name": "Jackets", "slug": "jackets", "description": "asfasfasfasfasfasfasfasfas", "cat_image": "photos/categories/jackets.jpg"}}, {"model": "category.category", "pk": 2, "fields": {"category_name": "Jeans", "slug": "jeans", "description": "asfasfasfasdfasfasfasdf", "cat_image": "photos/categories/jeans.jpg"}}, {"model": "category.category", "pk": 3, "fields": {"category_name": "shirts", "slug": "shirts", "description": "asfasfasdfasfasfas", "cat_image": "photos/categories/shirts.jpg"}}, {"model": "category.category", "pk": 4, "fields": {"category_name": "Shoes", "slug": "shoes", "description": "asfasfasfasfasf", "cat_image": "photos/categories/shoes.png"}}, {"model": "category.category", "pk": 5, "fields": {"category_name": "T-shirts", "slug": "t-shirts", "description": "asfasfasfasfasdfasdasfasfasfasfasfas", "cat_image": ""}}, {"model": "accounts.account", "pk": 1, "fields": {"password": "pbkdf2_sha256$720000$lwFWYllGXwE1HzQPQVN31y$VPBAXtPwJSgwJhKwoCxDc6mBecrroJHlHGSQtoB5ozQ=", "first_name": "danh", "last_name": "nguyen", "username": "danh", "email": "da@gmail.com", "phone_number": "1241231412", "date_joined": "2023-12-03T00:31:51.194Z", "last_login": "2023-12-15T00:45:38.784Z", "is_admin": true, "is_staff": true, "is_active": true, "is_superadmin": true}}, {"model": "accounts.account", "pk": 22, "fields": {"password": "pbkdf2_sha256$720000$BK3xtGajkMHVhJPpUeGSYV$bV5ptfpvg05+uEVQvbE0W1gZ6kbvy2l1iAb95zSdOGo=", "first_name": "Mark", "last_name": "Nguyen", "username": "marknguyen310701", "email": "marknguyen310701@gmail.com", "phone_number": "1245124", "date_joined": "2023-12-13T02:06:17.116Z", "last_login": "2023-12-15T00:27:30.824Z", "is_admin": true, "is_staff": true, "is_active": true, "is_superadmin": true}}, {"model": "accounts.account", "pk": 23, "fields": {"password": "pbkdf2_sha256$720000$8h7rdW1YdroawwKK0Juiw8$tdUKqLZf0HxedOfr8RZ1Ip1KFOOxYWy1PaSzfgd51uw=", "first_name": "ABC", "last_name": "Nguyen", "username": "abc", "email": "abc@gmail.com", "phone_number": "fasfas2343s", "date_joined": "2023-12-15T00:44:49.875Z", "last_login": "2023-12-15T00:45:20.433Z", "is_admin": false, "is_staff": false, "is_active": true, "is_superadmin": false}}, {"model": "accounts.userprofile", "pk": 1, "fields": {"user": 1, "address_line_1": "1358 Oakland Rd, Spc 64", "address_line_2": "asd", "profile_picture": "userprofile/peakpx.jpg", "state": "CA", "city": "San Jose", "country": "United States"}}, {"model": "accounts.userprofile", "pk": 3, "fields": {"user": 22, "address_line_1": "", "address_line_2": "", "profile_picture": "default/default-user.jpg", "state": "", "city": "", "country": ""}}, {"model": "accounts.userprofile", "pk": 4, "fields": {"user": 23, "address_line_1": "", "address_line_2": "", "profile_picture": "default/default-user.jpg", "state": "", "city": "", "country": ""}}, {"model": "store.product", "pk": 1, "fields": {"product_name": "ATX jeans", "slug": "atx-jeans", "description": "vzxvzxv", "price": 20, "images": "photos/products/ATX-Jeans.jpg", "stock": 1084, "is_available": true, "category": 2, "created_date": "2023-12-03T00:54:09.721Z", "modified_date": "2023-12-12T05:07:24.773Z"}}, {"model": "store.product", "pk": 2, "fields": {"product_name": "Wragler shirt", "slug": "wragler-shirt", "description": "afasf", "price": 222, "images": "photos/products/Wrangler-Shirt.jpg", "stock": 216, "is_available": true, "category": 3, "created_date": "2023-12-03T00:54:33.426Z", "modified_date": "2023-12-12T04:56:50.690Z"}}, {"model": "store.product", "pk": 3, "fields": {"product_name": "US-Polo-Assn_Jacket", "slug": "us-polo-assn_jacket", "description": "hjghnvbnfghnfg", "price": 333, "images": "photos/products/US-Polo-Assn_Jacket.jpg", "stock": 333, "is_available": true, "category": 1, "created_date": "2023-12-03T00:54:49.555Z", "modified_date": "2023-12-03T04:11:30.903Z"}}, {"model": "store.product", "pk": 4, "fields": {"product_name": "Puma-Ferrari-Shoes", "slug": "puma-ferrari-shoes", "description": "etsdt", "price": 444, "images": "photos/products/Puma-Ferrari-Shoes.jpg", "stock": 444, "is_available": true, "category": 4, "created_date": "2023-12-03T00:55:26.652Z", "modified_date": "2023-12-03T00:55:26.652Z"}}, {"model": "store.product", "pk": 5, "fields": {"product_name": "Great-Tshirt", "slug": "great-tshirt", "description": "sdfgsdgsdfsdg", "price": 563, "images": "photos/products/Great-Tshirt.jpg", "stock": 343, "is_available": true, "category": 5, "created_date": "2023-12-03T00:55:53.860Z", "modified_date": "2023-12-03T03:22:08.027Z"}}, {"model": "store.product", "pk": 6, "fields": {"product_name": "Blue-Shirt", "slug": "blue-shirt", "description": "sdfgsdgsdg", "price": 444, "images": "photos/products/Blue-Shirt.jpg", "stock": 444, "is_available": true, "category": 3, "created_date": "2023-12-03T00:56:24.854Z", "modified_date": "2023-12-03T00:56:24.854Z"}}, {"model": "store.product", "pk": 7, "fields": {"product_name": "Mavi_jeans", "slug": "mavi_jeans", "description": "vsgecedg", "price": 343, "images": "photos/products/Mavi_jeans.jpg", "stock": 343, "is_available": true, "category": 2, "created_date": "2023-12-03T00:57:00.990Z", "modified_date": "2023-12-03T01:06:54.782Z"}}, {"model": "store.product", "pk": 8, "fields": {"product_name": "jean1", "slug": "jean1", "description": "fsaffasg", "price": 23, "images": "photos/products/image2.jpg", "stock": 23, "is_available": true, "category": 2, "created_date": "2023-12-03T00:57:26.589Z", "modified_date": "2023-12-03T00:57:26.589Z"}}, {"model": "store.product", "pk": 9, "fields": {"product_name": "jordan-true-flight-basketball-shoes", "slug": "jordan-true-flight-basketball-shoes", "description": "sdfgsdgsdgsdgsdgsd", "price": 222, "images": "photos/products/jordan-true-flight-basketball-shoes.jpg", "stock": 222, "is_available": true, "category": 4, "created_date": "2023-12-03T00:57:49.059Z", "modified_date": "2023-12-13T01:31:28.395Z"}}, {"model": "store.product", "pk": 10, "fields": {"product_name": "jean3", "slug": "jean3", "description": "asfagaga", "price": 232, "images": "photos/products/image13.jpg", "stock": 0, "is_available": true, "category": 2, "created_date": "2023-12-03T00:58:03.612Z", "modified_date": "2023-12-13T01:31:48.064Z"}}, {"model": "store.variation", "pk": 1, "fields": {"product": 1, "variation_category": "color", "variation_value": "Red", "is_active": true, "created_date": "2023-12-03T04:58:15.702Z"}}, {"model": "store.variation", "pk": 2, "fields": {"product": 1, "variation_category": "color", "variation_value": "Blue", "is_active": true, "created_date": "2023-12-03T04:58:29.623Z"}}, {"model": "store.variation", "pk": 3, "fields": {"product": 1, "variation_category": "color", "variation_value": "Green", "is_active": true, "created_date": "2023-12-03T05:03:00.428Z"}}, {"model": "store.variation", "pk": 4, "fields": {"product": 1, "variation_category": "color", "variation_value": "White", "is_active": true, "created_date": "2023-12-03T05:23:07.974Z"}}, {"model": "store.variation", "pk": 5, "fields": {"product": 1, "variation_category": "color", "variation_value": "Purpil", "is_active": true, "created_date": "2023-12-03T05:23:33.449Z"}}, {"model": "store.variation", "pk": 6, "fields": {"product": 1, "variation_category": "size", "variation_value": "small", "is_active": true, "created_date": "2023-12-03T05:46:22.799Z"}}, {"model": "store.variation", "pk": 7, "fields": {"product": 1, "variation_category": "size", "variation_value": "medium", "is_active": true, "created_date": "2023-12-03T06:08:01.543Z"}}, {"model": "store.variation", "pk": 8, "fields": {"product": 1, "variation_category": "size", "variation_value": "large", "is_active": true, "created_date": "2023-12-03T06:08:08.460Z"}}, {"model": "store.variation", "pk": 9, "fields": {"product": 2, "variation_category": "color", "variation_value": "Red", "is_active": true, "created_date": "2023-12-03T06:09:18.946Z"}}, {"model": "store.variation", "pk": 10, "fields": {"product": 2, "variation_category": "size", "variation_value": "Small", "is_active": true, "created_date": "2023-12-03T06:09:28.067Z"}}, {"model": "store.reviewrating", "pk": 4, "fields": {"product": 1, "user": 1, "subject": "b nbn", "review": "ncnc", "rating": 5.0, "ip": "127.0.0.1", "status": true, "created_at": "2023-12-10T05:18:53.701Z", "updated_at": "2023-12-13T01:29:28.934Z"}}, {"model": "carts.cart", "pk": 23, "fields": {"cart_id": "ed1axpnlm8wx9g6i1pt28gozbjy8zqmp", "date_added": "2023-12-05"}}, {"model": "carts.cart", "pk": 24, "fields": {"cart_id": "c48e8wf312kbn6wkbqoscvgrgyhvyil4", "date_added": "2023-12-05"}}, {"model": "carts.cart", "pk": 25, "fields": {"cart_id": "ckpgkk9daxbtaoc6c4lpcwcr13v2a0ef", "date_added": "2023-12-05"}}, {"model": "carts.cart", "pk": 26, "fields": {"cart_id": "lkd1kjbh5nfjz8ldzytojqz0byhsh4ku", "date_added": "2023-12-05"}}, {"model": "carts.cart", "pk": 27, "fields": {"cart_id": "s41muhvvxnlgdzl2pjransh0hj3a4lag", "date_added": "2023-12-05"}}, {"model": "orders.payment", "pk": 14, "fields": {"user": 1, "payment_id": "726696680D8324245", "payment_method": "Paypal", "amount_paid": "20.4", "status": "COMPLETED", "created_at": "2023-12-10T05:18:27.181Z"}}, {"model": "orders.payment", "pk": 15, "fields": {"user": 1, "payment_id": "4HW37690FA748435B", "payment_method": "Paypal", "amount_paid": "308.04", "status": "COMPLETED", "created_at": "2023-12-12T04:56:50.638Z"}}, {"model": "orders.payment", "pk": 16, "fields": {"user": 1, "payment_id": "5XK65438S6229152H", "payment_method": "Paypal", "amount_paid": "61.2", "status": "COMPLETED", "created_at": "2023-12-12T05:04:15.561Z"}}, {"model": "orders.payment", "pk": 17, "fields": {"user": 1, "payment_id": "5FM96458LJ212135U", "payment_method": "Paypal", "amount_paid": "81.6", "status": "COMPLETED", "created_at": "2023-12-12T05:07:24.686Z"}}, {"model": "orders.order", "pk": 92, "fields": {"user": 1, "payment": null, "order_number": "23120892", "first_name": "Mark", "last_name": "Nguyen", "phone": "6692654996", "email": "datvsdanh@gmail.com", "address_line_1": "1358 Oakland Rd, Spc 64", "address_line_2": "", "country": "United States", "state": "CA", "city": "San Jose", "order_note": "asdas", "order_total": 246.84, "tax": 4.84, "status": "New", "ip": "127.0.0.1", "is_ordered": false, "created_at": "2023-12-09T01:42:34.301Z", "updated_at": "2023-12-09T01:42:34.317Z"}}, {"model": "orders.order", "pk": 93, "fields": {"user": 1, "payment": null, "order_number": "23120893", "first_name": "Mark", "last_name": "Nguyen", "phone": "6692654996", "email": "datvsdanh@gmail.com", "address_line_1": "1358 Oakland Rd, Spc 64", "address_line_2": "", "country": "United States", "state": "CA", "city": "San Jose", "order_note": "asdasd", "order_total": 246.84, "tax": 4.84, "status": "New", "ip": "127.0.0.1", "is_ordered": false, "created_at": "2023-12-09T01:45:44.110Z", "updated_at": "2023-12-09T01:45:44.126Z"}}, {"model": "orders.order", "pk": 94, "fields": {"user": 1, "payment": null, "order_number": "23120894", "first_name": "Mark", "last_name": "Nguyen", "phone": "6692654996", "email": "datvsdanh@gmail.com", "address_line_1": "1358 Oakland Rd, Spc 64", "address_line_2": "ddd", "country": "United States", "state": "CA", "city": "San Jose", "order_note": "fgvdf", "order_total": 246.84, "tax": 4.84, "status": "New", "ip": "127.0.0.1", "is_ordered": false, "created_at": "2023-12-09T01:46:58.497Z", "updated_at": "2023-12-09T01:46:58.514Z"}}, {"model": "orders.order", "pk": 95, "fields": {"user": 1, "payment": null, "order_number": "23120895", "first_name": "Mark", "last_name": "Nguyen", "phone": "6692654996", "email": "datvsdanh@gmail.com", "address_line_1": "1358 Oakland Rd, Spc 64", "address_line_2": "ddd", "country": "United States", "state": "CA", "city": "San Jose", "order_note": "fgvdf", "order_total": 246.84, "tax": 4.84, "status": "New", "ip": "127.0.0.1", "is_ordered": false, "created_at": "2023-12-09T01:47:29.384Z", "updated_at": "2023-12-09T01:47:29.398Z"}}, {"model": "orders.order", "pk": 96, "fields": {"user": 1, "payment": null, "order_number": "23120896", "first_name": "Mark", "last_name": "Nguyen", "phone": "6692654996", "email": "datvsdanh@gmail.com", "address_line_1": "1358 Oakland Rd, Spc 64", "address_line_2": "ddd", "country": "United States", "state": "CA", "city": "San Jose", "order_note": "fgvdf", "order_total": 246.84, "tax": 4.84, "status": "New", "ip": "127.0.0.1", "is_ordered": false, "created_at": "2023-12-09T01:47:38.523Z", "updated_at": "2023-12-09T01:47:38.538Z"}}, {"model": "orders.order", "pk": 97, "fields": {"user": 1, "payment": null, "order_number": "23120897", "first_name": "Mark", "last_name": "Nguyen", "phone": "6692654996", "email": "datvsdanh@gmail.com", "address_line_1": "1358 Oakland Rd, Spc 64", "address_line_2": "asf", "country": "United States", "state": "CA", "city": "San Jose", "order_note": "asf", "order_total": 246.84, "tax": 4.84, "status": "New", "ip": "127.0.0.1", "is_ordered": false, "created_at": "2023-12-09T01:50:14.380Z", "updated_at": "2023-12-09T01:50:14.395Z"}}, {"model": "orders.order", "pk": 118, "fields": {"user": 1, "payment": 14, "order_number": "231209118", "first_name": "Mark", "last_name": "Nguyen", "phone": "6692654996", "email": "datvsdanh@gmail.com", "address_line_1": "1358 Oakland Rd, Spc 64", "address_line_2": "asd", "country": "United States", "state": "CA", "city": "San Jose", "order_note": "asfasf", "order_total": 20.4, "tax": 0.4, "status": "New", "ip": "127.0.0.1", "is_ordered": true, "created_at": "2023-12-10T05:17:32.843Z", "updated_at": "2023-12-10T05:18:27.195Z"}}, {"model": "orders.order", "pk": 119, "fields": {"user": 1, "payment": 15, "order_number": "231211119", "first_name": "Mark", "last_name": "Nguyen", "phone": "6692654996", "email": "datvsdanh@gmail.com", "address_line_1": "1358 Oakland Rd, Spc 64", "address_line_2": "asfas", "country": "United States", "state": "CA", "city": "San Jose", "order_note": "asfasf", "order_total": 308.04, "tax": 6.04, "status": "New", "ip": "127.0.0.1", "is_ordered": true, "created_at": "2023-12-12T04:56:26.189Z", "updated_at": "2023-12-12T04:56:50.655Z"}}, {"model": "orders.order", "pk": 122, "fields": {"user": 1, "payment": null, "order_number": "231211122", "first_name": "Mark", "last_name": "Nguyen", "phone": "123123124", "email": "datvsdanh@gmail.com", "address_line_1": "1358 Oakland Rd, Spc 64", "address_line_2": "fasfas", "country": "United States", "state": "CA", "city": "San Jose", "order_note": "fas", "order_total": 61.2, "tax": 1.2, "status": "New", "ip": "127.0.0.1", "is_ordered": false, "created_at": "2023-12-12T05:02:20.189Z", "updated_at": "2023-12-12T05:02:20.205Z"}}, {"model": "orders.order", "pk": 123, "fields": {"user": 1, "payment": null, "order_number": "231211123", "first_name": "Mark", "last_name": "Nguyen", "phone": "123123124", "email": "datvsdanh@gmail.com", "address_line_1": "1358 Oakland Rd, Spc 64", "address_line_2": "fasfas", "country": "United States", "state": "CA", "city": "San Jose", "order_note": "fas", "order_total": 61.2, "tax": 1.2, "status": "New", "ip": "127.0.0.1", "is_ordered": false, "created_at": "2023-12-12T05:03:29.555Z", "updated_at": "2023-12-12T05:03:29.570Z"}}, {"model": "orders.order", "pk": 124, "fields": {"user": 1, "payment": 16, "order_number": "231211124", "first_name": "Mark", "last_name": "Nguyen", "phone": "123123124", "email": "datvsdanh@gmail.com", "address_line_1": "1358 Oakland Rd, Spc 64", "address_line_2": "fasfas", "country": "United States", "state": "CA", "city": "San Jose", "order_note": "fas", "order_total": 61.2, "tax": 1.2, "status": "New", "ip": "127.0.0.1", "is_ordered": true, "created_at": "2023-12-12T05:04:07.291Z", "updated_at": "2023-12-12T05:04:15.577Z"}}, {"model": "orders.order", "pk": 125, "fields": {"user": 1, "payment": 17, "order_number": "231211125", "first_name": "Mark", "last_name": "Nguyen", "phone": "asfasfas", "email": "datvsdanh@gmail.com", "address_line_1": "1358 Oakland Rd, Spc 64", "address_line_2": "asdfas", "country": "United States", "state": "CA", "city": "San Jose", "order_note": "fasfas", "order_total": 81.6, "tax": 1.6, "status": "New", "ip": "127.0.0.1", "is_ordered": true, "created_at": "2023-12-12T05:07:17.088Z", "updated_at": "2023-12-12T05:07:24.701Z"}}, {"model": "orders.orderproduct", "pk": 20, "fields": {"order": 118, "payment": 14, "user": 1, "product": 1, "quantity": 1, "product_price": 20.0, "ordered": true, "created_at": "2023-12-10T05:18:27.205Z", "updated_at": "2023-12-10T05:18:27.224Z", "variations": [2, 7]}}, {"model": "orders.orderproduct", "pk": 21, "fields": {"order": 119, "payment": 15, "user": 1, "product": 2, "quantity": 1, "product_price": 222.0, "ordered": true, "created_at": "2023-12-12T04:56:50.665Z", "updated_at": "2023-12-12T04:56:50.682Z", "variations": [9, 10]}}, {"model": "orders.orderproduct", "pk": 22, "fields": {"order": 119, "payment": 15, "user": 1, "product": 1, "quantity": 2, "product_price": 20.0, "ordered": true, "created_at": "2023-12-12T04:56:50.698Z", "updated_at": "2023-12-12T04:56:50.715Z", "variations": [1, 6]}}, {"model": "orders.orderproduct", "pk": 23, "fields": {"order": 119, "payment": 15, "user": 1, "product": 1, "quantity": 2, "product_price": 20.0, "ordered": true, "created_at": "2023-12-12T04:56:50.732Z", "updated_at": "2023-12-12T04:56:50.748Z", "variations": [5, 7]}}, {"model": "orders.orderproduct", "pk": 24, "fields": {"order": 124, "payment": 16, "user": 1, "product": 1, "quantity": 3, "product_price": 20.0, "ordered": true, "created_at": "2023-12-12T05:04:15.588Z", "updated_at": "2023-12-12T05:04:15.605Z", "variations": [2, 6]}}, {"model": "orders.orderproduct", "pk": 25, "fields": {"order": 125, "payment": 17, "user": 1, "product": 1, "quantity": 3, "product_price": 20.0, "ordered": true, "created_at": "2023-12-12T05:07:24.713Z", "updated_at": "2023-12-12T05:07:24.730Z", "variations": [1, 7]}}, {"model": "orders.orderproduct", "pk": 26, "fields": {"order": 125, "payment": 17, "user": 1, "product": 1, "quantity": 1, "product_price": 20.0, "ordered": true, "created_at": "2023-12-12T05:07:24.746Z", "updated_at": "2023-12-12T05:07:24.764Z", "variations": [4, 6]}}]